,#,Name,Type,Attack,Defense,HP,Catch_Rate,Flee_Rate,Candy,Fast_Moves,Charge_Moves
0,001,Bulbasaur,"['Grass', 'Poison']",128,118,111,20%,10%,25,"['Vine Whip', 'Tackle']","['Seed Bomb', 'Sludge Bomb', 'Power Whip']"
1,002,Ivysaur,"['Grass', 'Poison']",155,151,143,10%,7%,100,"['Vine Whip', 'Razor Leaf']","['Sludge Bomb', 'Solar Beam', 'Power Whip']"
2,003,Venusaur,"['Grass', 'Poison']",190,198,189,5%,5%,0,"['Vine Whip', 'Razor Leaf']","['Petal Blizzard', 'Sludge Bomb', 'Solar Beam']"
3,004,Charmander,['Fire'],118,116,93,20%,10%,25,"['Ember', 'Scratch']","['Flamethrower', 'Flame Charge', 'Flame Burst']"
4,005,Charmeleon,['Fire'],151,158,126,10%,7%,100,"['Ember', 'Fire Fang']","['Flamethrower', 'Flame Burst', 'Fire Punch']"
5,006,Charizard,"['Fire', 'Flying']",186,223,173,5%,5%,0,"['Air Slash', 'Fire Spin']","['Dragon Claw', 'Fire Blast', 'Overheat']"
6,007,Squirtle,['Water'],127,94,121,20%,10%,25,"['Tackle', 'Bubble']","['Aqua Jet', 'Aqua Tail', 'Water Pulse']"
7,008,Wartortle,['Water'],153,126,155,10%,7%,100,"['Bite', 'Water Gun']","['Ice Beam', 'Aqua Jet', 'Hydro Pump']"
8,009,Blastoise,['Water'],188,171,207,5%,5%,0,"['Bite', 'Water Gun']","['Flash Cannon', 'Ice Beam', 'Hydro Pump', 'Skull Bash']"
9,010,Caterpie,['Bug'],128,55,55,50%,20%,12,"['Bug Bite', 'Tackle']",['Struggle']
10,011,Metapod,['Bug'],137,45,80,25%,9%,50,"['Bug Bite', 'Tackle']",['Struggle']
11,012,Butterfree,"['Bug', 'Flying']",155,167,137,12.5%,6%,0,"['Confusion', 'Struggle Bug']","['Bug Buzz', 'Signal Beam', 'Psychic']"
12,013,Weedle,"['Bug', 'Poison']",120,63,50,50%,20%,12,"['Bug Bite', 'Poison Sting']",['Struggle']
13,014,Kakuna,"['Bug', 'Poison']",128,46,75,25%,9%,50,"['Bug Bite', 'Poison Sting']",['Struggle']
14,015,Beedrill,"['Bug', 'Poison']",163,169,130,12.5%,6%,0,"['Poison Jab', 'Infestation']","['Aerial Ace', 'Sludge Bomb', 'X', 'Scissor']"
15,016,Pidgey,"['Normal', 'Flying']",120,85,73,50%,20%,12,"['Quick Attack', 'Tackle']","['Aerial Ace', 'Twister', 'Air Cutter']"
16,017,Pidgeotto,"['Normal', 'Flying']",160,117,105,25%,9%,50,"['Wing Attack', 'Steel Wing']","['Aerial Ace', 'Twister', 'Air Cutter']"
17,018,Pidgeot,"['Normal', 'Flying']",195,166,154,12.5%,6%,0,"['Steel Wing', 'Air Slash']","['Aerial Ace', 'Hurricane', 'Brave Bird']"
18,019,Rattata,['Normal'],102,103,70,50%,20%,25,"['Quick Attack', 'Tackle']","['Dig', 'Hyper Fang', 'Body Slam']"
19,019,Rattata ( Alolan  Rattata ),"['Dark', 'Normal']",102,103,70,50%,20%,25,"['Quick Attack', 'Tackle']","['Shadow Ball', 'Hyper Fang', 'Crunch']"
20,020,Raticate,['Normal'],146,161,139,20%,7%,0,"['Bite', 'Quick Attack']","['Hyper Beam', 'Dig', 'Hyper Fang']"
21,020,Raticate ( Alolan  Raticate ),"['Dark', 'Normal']",181,135,154,20%,7%,0,"['Bite', 'Quick Attack']","['Hyper Beam', 'Hyper Fang', 'Crunch']"
22,021,Spearow,"['Normal', 'Flying']",120,112,60,50%,15%,50,"['Peck', 'Quick Attack']","['Drill Peck', 'Aerial Ace', 'Sky Attack']"
23,022,Fearow,"['Normal', 'Flying']",163,182,133,20%,7%,0,"['Peck', 'Steel Wing']","['Aerial Ace', 'Drill Run', 'Sky Attack']"
24,023,Ekans,['Poison'],111,110,97,50%,15%,50,"['Acid', 'Poison Sting']","['Wrap', 'Poison Fang', 'Sludge Bomb']"
25,024,Arbok,['Poison'],155,167,153,20%,7%,0,"['Bite', 'Acid', 'Dragon Tail']","['Dark Pulse', 'Sludge Wave', 'Gunk Shot', 'Acid Spray']"
26,025,Pikachu,['Electric'],111,112,96,20%,10%,50,"['Thunder Shock', 'Quick Attack']","['Discharge', 'Thunderbolt', 'Wild Charge']"
27,026,Raichu,['Electric'],155,193,151,10%,6%,0,"['Spark', 'Volt Switch', 'Charm']","['Thunder Punch', 'Brick Break', 'Wild Charge', 'Skull Bash']"
28,026,Raichu ( Alolan  Raichu ),"['Electric', 'Psychic']",155,201,154,10%,6%,0,"['Thunder Shock', 'Spark', 'Volt Switch']","['Thunder Punch', 'Psychic', 'Wild Charge', 'Grass Knot']"
29,027,Sandshrew,['Ground'],137,126,120,50%,10%,50,"['Mud Shot', 'Scratch']","['Dig', 'Rock Slide', 'Sand Tomb']"
30,027,Sandshrew ( Alolan  Sandshrew ),"['Ice', 'Steel']",137,125,129,50%,10%,50,"['Metal Claw', 'Powder Snow']","['Blizzard', 'Night Slash', 'Gyro Ball']"
31,028,Sandslash,['Ground'],181,182,175,20%,6%,0,"['Mud Shot', 'Metal Claw']","['Earthquake', 'Rock Tomb', 'Bulldoze']"
32,028,Sandslash ( Alolan  Sandslash ),"['Ice', 'Steel']",181,177,195,20%,6%,0,"['Metal Claw', 'Powder Snow']","['Ice Punch', 'Blizzard', 'Bulldoze', 'Gyro Ball']"
33,029,Nidoran♀,['Poison'],146,86,89,50%,15%,25,"['Bite', 'Poison Sting']","['Poison Fang', 'Sludge Bomb', 'Body Slam']"
34,030,Nidorina,['Poison'],172,117,120,25%,7%,100,"['Bite', 'Poison Sting']","['Dig', 'Poison Fang', 'Sludge Bomb']"
35,031,Nidoqueen,"['Poison', 'Ground']",207,180,173,12.5%,5%,0,"['Bite', 'Poison Jab']","['Earthquake', 'Stone Edge', 'Sludge Wave', 'Earth Power']"
36,032,Nidoran♂,['Poison'],130,105,76,50%,15%,25,"['Peck', 'Poison Sting']","['Sludge Bomb', 'Horn Attack', 'Body Slam']"
37,033,Nidorino,['Poison'],156,137,111,25%,7%,100,"['Poison Jab', 'Poison Sting']","['Dig', 'Sludge Bomb', 'Horn Attack']"
38,034,Nidoking,"['Poison', 'Ground']",191,204,156,12.5%,5%,0,"['Poison Jab', 'Iron Tail']","['Megahorn', 'Earthquake', 'Sludge Wave', 'Earth Power']"
39,035,Clefairy,['Fairy'],172,107,108,30%,10%,50,"['Pound', 'Zen Headbutt']","['Disarming Voice', 'Moonblast', 'Body Slam']"
40,036,Clefable,['Fairy'],216,178,162,10%,6%,0,"['Zen Headbutt', 'Charge Beam', 'Charm']","['Dazzling Gleam', 'Moonblast', 'Psychic', 'Meteor Mash']"
41,037,Vulpix,['Fire'],116,96,109,30%,10%,50,"['Ember', 'Quick Attack']","['Flamethrower', 'Flame Charge', 'Body Slam']"
42,037,Vulpix ( Alolan  Vulpix ),['Ice'],116,96,109,30%,10%,50,"['Zen Headbutt', 'Powder Snow']","['Dark Pulse', 'Ice Beam', 'Blizzard']"
43,038,Ninetales,['Fire'],177,169,190,10%,6%,0,"['Feint Attack', 'Fire Spin']","['Heat Wave', 'Psyshock', 'Solar Beam', 'Overheat']"
44,038,Ninetales ( Alolan  Ninetales ),"['Ice', 'Fairy']",177,170,193,10%,6%,0,"['Feint Attack', 'Powder Snow', 'Charm']","['Ice Beam', 'Blizzard', 'Psyshock', 'Dazzling Gleam']"
45,039,Jigglypuff,"['Normal', 'Fairy']",251,80,41,50%,10%,50,"['Pound', 'Feint Attack']","['Disarming Voice', 'Dazzling Gleam', 'Gyro Ball']"
46,040,Wigglytuff,"['Normal', 'Fairy']",295,156,90,20%,6%,0,"['Pound', 'Feint Attack', 'Charm']","['Hyper Beam', 'Ice Beam', 'Dazzling Gleam', 'Play Rough']"
47,041,Zubat,"['Poison', 'Flying']",120,83,73,50%,20%,25,"['Bite', 'Quick Attack']","['Poison Fang', 'Air Cutter', 'Swift']"
48,042,Golbat,"['Poison', 'Flying']",181,161,150,20%,7%,100,"['Bite', 'Wing Attack']","['Poison Fang', 'Shadow Ball', 'Air Cutter']"
49,043,Oddish,"['Grass', 'Poison']",128,131,112,60%,15%,25,"['Razor Leaf', 'Acid']","['Seed Bomb', 'Moonblast', 'Sludge Bomb']"
50,044,Gloom,"['Grass', 'Poison']",155,153,136,30%,7%,100,"['Razor Leaf', 'Acid']","['Petal Blizzard', 'Moonblast', 'Sludge Bomb']"
51,045,Vileplume,"['Grass', 'Poison']",181,202,167,15%,5%,0,"['Razor Leaf', 'Acid']","['Petal Blizzard', 'Moonblast', 'Sludge Bomb', 'Solar Beam']"
52,046,Paras,"['Bug', 'Grass']",111,121,99,40%,15%,50,"['Bug Bite', 'Scratch']","['Seed Bomb', 'Cross Poison', 'X', 'Scissor']"
53,047,Parasect,"['Bug', 'Grass']",155,165,146,20%,7%,0,"['Fury Cutter', 'Struggle Bug']","['Cross Poison', 'X', 'Scissor', 'Solar Beam']"
54,048,Venonat,"['Bug', 'Poison']",155,100,100,50%,15%,50,"['Bug Bite', 'Confusion']","['Psybeam', 'Poison Fang', 'Signal Beam']"
55,049,Venomoth,"['Bug', 'Poison']",172,179,143,20%,7%,0,"['Confusion', 'Infestation']","['Bug Buzz', 'Psychic', 'Silver Wind']"
56,050,Diglett,['Ground'],67,109,78,50%,10%,50,"['Scratch', 'Mud', 'Slap']","['Dig', 'Rock Tomb', 'Mud Bomb']"
57,050,Diglett ( Alolan  Diglett ),"['Ground', 'Steel']",67,108,81,50%,10%,50,"['Metal Claw', 'Mud', 'Slap']","['Dig', 'Rock Tomb', 'Mud Bomb']"
58,051,Dugtrio,['Ground'],111,167,134,20%,6%,0,"['Sucker Punch', 'Mud', 'Slap']","['Earthquake', 'Stone Edge', 'Mud Bomb']"
59,051,Dugtrio ( Alolan  Dugtrio ),"['Ground', 'Steel']",111,201,142,20%,6%,0,"['Metal Claw', 'Mud', 'Slap']","['Earthquake', 'Iron Head', 'Mud Bomb']"
60,052,Meowth,['Normal'],120,92,78,50%,15%,50,"['Bite', 'Scratch']","['Dark Pulse', 'Night Slash', 'Foul Play']"
61,052,Meowth ( Alolan  Meowth ),['Dark'],120,99,78,50%,15%,50,"['Bite', 'Scratch']","['Dark Pulse', 'Night Slash', 'Foul Play']"
62,053,Persian,['Normal'],163,150,136,20%,7%,0,"['Scratch', 'Feint Attack']","['Power Gem', 'Play Rough', 'Foul Play']"
63,053,Persian ( Alolan  Persian ),['Dark'],163,158,136,20%,7%,0,"['Scratch', 'Feint Attack']","['Dark Pulse', 'Play Rough', 'Foul Play']"
64,054,Psyduck,['Water'],137,122,95,50%,10%,50,"['Water Gun', 'Zen Headbutt']","['Cross Chop', 'Psybeam', 'Aqua Tail']"
65,055,Golduck,['Water'],190,191,162,20%,6%,0,"['Water Gun', 'Confusion']","['Cross Chop', 'Ice Beam', 'Bubble Beam', 'Hydro Pump', 'Psychic', 'Synchronoise']"
66,056,Mankey,['Fighting'],120,148,82,50%,10%,50,"['Karate Chop', 'Scratch']","['Cross Chop', 'Low Sweep', 'Brick Break']"
67,057,Primeape,['Fighting'],163,207,138,20%,6%,0,"['Low Kick', 'Counter']","['Night Slash', 'Low Sweep', 'Close Combat']"
68,058,Growlithe,['Fire'],146,136,93,30%,10%,50,"['Bite', 'Ember']","['Flame Wheel', 'Flamethrower', 'Body Slam']"
69,059,Arcanine,['Fire'],207,227,166,10%,6%,0,"['Fire Fang', 'Snarl', 'Thunder Fang']","['Fire Blast', 'Wild Charge', 'Crunch']"
70,060,Poliwag,['Water'],120,101,82,50%,15%,25,"['Mud Shot', 'Bubble']","['Bubble Beam', 'Mud Bomb', 'Body Slam']"
71,061,Poliwhirl,['Water'],163,130,123,25%,7%,100,"['Mud Shot', 'Bubble']","['Bubble Beam', 'Mud Bomb', 'Water Pulse']"
72,062,Poliwrath,"['Water', 'Fighting']",207,182,184,12.5%,5%,0,"['Bubble', 'Rock Smash']","['Ice Punch', 'Hydro Pump', 'Dynamic Punch', 'Power', 'Up Punch']"
73,063,Abra,['Psychic'],93,195,82,50%,99%,25,"['Zen Headbutt', 'Charge Beam']","['Psyshock', 'Shadow Ball', 'Signal Beam']"
74,064,Kadabra,['Psychic'],120,232,117,25%,7%,100,"['Psycho Cut', 'Confusion']","['Psybeam', 'Shadow Ball', 'Dazzling Gleam']"
75,065,Alakazam,['Psychic'],146,271,167,10%,5%,0,"['Psycho Cut', 'Confusion']","['Shadow Ball', 'Fire Punch', 'Focus Blast', 'Future Sight']"
76,066,Machop,['Fighting'],172,137,82,50%,10%,25,"['Karate Chop', 'Rock Smash']","['Cross Chop', 'Low Sweep', 'Brick Break']"
77,067,Machoke,['Fighting'],190,177,125,25%,7%,100,"['Low Kick', 'Karate Chop']","['Submission', 'Brick Break', 'Dynamic Punch']"
78,068,Machamp,['Fighting'],207,234,159,10%,5%,0,"['Bullet Punch', 'Counter']","['Rock Slide', 'Close Combat', 'Dynamic Punch', 'Heavy Slam']"
79,069,Bellsprout,"['Grass', 'Poison']",137,139,61,50%,15%,25,"['Vine Whip', 'Acid']","['Wrap', 'Sludge Bomb', 'Power Whip']"
80,070,Weepinbell,"['Grass', 'Poison']",163,172,92,25%,7%,100,"['Acid', 'Bullet Seed']","['Seed Bomb', 'Sludge Bomb', 'Power Whip']"
81,071,Victreebel,"['Grass', 'Poison']",190,207,135,12.5%,5%,0,"['Razor Leaf', 'Acid']","['Sludge Bomb', 'Solar Beam', 'Leaf Blade', 'Acid Spray', 'Leaf Tornado']"
82,072,Tentacool,"['Water', 'Poison']",120,97,149,50%,15%,50,"['Poison Sting', 'Bubble']","['Wrap', 'Bubble Beam', 'Water Pulse']"
83,073,Tentacruel,"['Water', 'Poison']",190,166,209,20%,7%,0,"['Poison Jab', 'Acid']","['Blizzard', 'Sludge Wave', 'Hydro Pump', 'Acid Spray']"
84,074,Geodude,"['Rock', 'Ground']",120,132,132,50%,10%,25,"['Tackle', 'Rock Throw']","['Dig', 'Rock Tomb', 'Rock Slide']"
85,074,Geodude ( Alolan  Geodude ),"['Rock', 'Electric']",120,132,132,50%,10%,25,"['Rock Throw', 'Volt Switch']","['Rock Tomb', 'Rock Slide', 'Thunderbolt']"
86,075,Graveler,"['Rock', 'Ground']",146,164,164,25%,7%,100,"['Rock Throw', 'Mud', 'Slap']","['Dig', 'Stone Edge', 'Rock Blast']"
87,075,Graveler ( Alolan  Graveler ),"['Rock', 'Electric']",146,164,164,25%,7%,100,"['Rock Throw', 'Volt Switch']","['Stone Edge', 'Thunderbolt', 'Rock Blast']"
88,076,Golem,"['Rock', 'Ground']",190,211,198,12.5%,5%,0,"['Rock Throw', 'Mud', 'Slap']","['Earthquake', 'Stone Edge', 'Rock Blast']"
89,076,Golem ( Alolan  Golem ),"['Rock', 'Electric']",190,211,198,12.5%,5%,0,"['Rock Throw', 'Volt Switch']","['Stone Edge', 'Wild Charge', 'Rock Blast']"
90,077,Ponyta,['Fire'],137,170,127,40%,10%,50,"['Ember', 'Tackle']","['Flame Wheel', 'Flame Charge', 'Stomp']"
91,078,Rapidash,['Fire'],163,207,162,15%,6%,0,"['Low Kick', 'Fire Spin']","['Heat Wave', 'Drill Run', 'Fire Blast']"
92,079,Slowpoke,"['Water', 'Psychic']",207,109,98,50%,10%,50,"['Water Gun', 'Confusion']","['Psyshock', 'Water Pulse', 'Psychic']"
93,080,Slowbro,"['Water', 'Psychic']",216,177,180,20%,6%,0,"['Water Gun', 'Confusion']","['Ice Beam', 'Water Pulse', 'Psychic']"
94,081,Magnemite,"['Electric', 'Steel']",93,165,121,50%,10%,25,"['Thunder Shock', 'Spark']","['Discharge', 'Magnet Bomb', 'Thunderbolt']"
95,082,Magneton,"['Electric', 'Steel']",137,223,169,20%,6%,100,"['Spark', 'Charge Beam']","['Flash Cannon', 'Magnet Bomb', 'Zap Cannon']"
96,083,Farfetch'd,"['Normal', 'Flying']",141,124,115,30%,9%,0,"['Fury Cutter', 'Air Slash']","['Aerial Ace', 'Leaf Blade', 'Air Cutter']"
97,084,Doduo,"['Normal', 'Flying']",111,158,83,50%,10%,50,"['Peck', 'Quick Attack']","['Drill Peck', 'Aerial Ace', 'Brave Bird']"
98,085,Dodrio,"['Normal', 'Flying']",155,218,140,20%,6%,0,"['Feint Attack', 'Steel Wing']","['Drill Peck', 'Aerial Ace', 'Brave Bird']"
99,086,Seel,['Water'],163,85,121,50%,9%,50,"['Lick', 'Ice Shard']","['Aqua Tail', 'Icy Wind', 'Aurora Beam']"
100,087,Dewgong,"['Water', 'Ice']",207,139,177,20%,6%,0,"['Frost Breath', 'Iron Tail']","['Blizzard', 'Water Pulse', 'Aurora Beam']"
101,088,Grimer,['Poison'],190,135,90,50%,10%,50,"['Poison Jab', 'Mud', 'Slap']","['Sludge', 'Sludge Bomb', 'Mud Bomb']"
102,088,Grimer ( Alolan  Grimer ),"['Poison', 'Dark']",190,135,90,50%,10%,50,"['Bite', 'Poison Jab']","['Sludge Bomb', 'Gunk Shot', 'Crunch']"
103,089,Muk,['Poison'],233,190,172,20%,6%,0,"['Poison Jab', 'Infestation']","['Dark Pulse', 'Thunder Punch', 'Sludge Wave', 'Gunk Shot', 'Acid Spray']"
104,089,Muk ( Alolan  Muk ),"['Poison', 'Dark']",233,190,172,20%,6%,0,"['Bite', 'Poison Jab', 'Snarl']","['Dark Pulse', 'Sludge Wave', 'Gunk Shot', 'Acid Spray']"
105,090,Shellder,['Water'],102,116,134,50%,10%,50,"['Ice Shard', 'Tackle']","['Bubble Beam', 'Water Pulse', 'Icy Wind']"
106,091,Cloyster,"['Water', 'Ice']",137,186,256,20%,6%,0,"['Ice Shard', 'Frost Breath']","['Hydro Pump', 'Aurora Beam', 'Avalanche']"
107,092,Gastly,"['Ghost', 'Poison']",102,186,67,40%,10%,25,"['Lick', 'Astonish']","['Dark Pulse', 'Sludge Bomb', 'Night Shade']"
108,093,Haunter,"['Ghost', 'Poison']",128,223,107,20%,7%,100,"['Shadow Claw', 'Astonish']","['Dark Pulse', 'Shadow Punch', 'Sludge Bomb']"
109,094,Gengar,"['Ghost', 'Poison']",155,261,149,10%,5%,0,"['Sucker Punch', 'Hex']","['Shadow Ball', 'Sludge Bomb', 'Focus Blast']"
110,095,Onix,"['Rock', 'Ground']",111,85,232,20%,9%,50,"['Tackle', 'Rock Throw']","['Stone Edge', 'Sand Tomb', 'Heavy Slam']"
111,096,Drowzee,['Psychic'],155,89,136,50%,10%,50,"['Pound', 'Confusion']","['Psybeam', 'Psyshock', 'Psychic']"
112,097,Hypno,['Psychic'],198,144,193,20%,6%,0,"['Zen Headbutt', 'Confusion']","['Ice Punch', 'Thunder Punch', 'Psychic', 'Fire Punch', 'Focus Blast', 'Future Sight']"
113,098,Krabby,['Water'],102,181,124,50%,15%,50,"['Mud Shot', 'Bubble']","['Vice Grip', 'Bubble Beam', 'Water Pulse']"
114,099,Kingler,['Water'],146,240,181,20%,7%,0,"['Metal Claw', 'Bubble']","['Vice Grip', 'X', 'Scissor', 'Water Pulse', 'Crabhammer']"
115,100,Voltorb,['Electric'],120,109,111,50%,10%,50,"['Spark', 'Tackle']","['Discharge', 'Thunderbolt', 'Gyro Ball']"
116,101,Electrode,['Electric'],155,173,173,20%,6%,0,"['Spark', 'Volt Switch']","['Hyper Beam', 'Discharge', 'Thunderbolt', 'Foul Play']"
117,102,Exeggcute,"['Grass', 'Psychic']",155,107,125,50%,10%,50,"['Confusion', 'Bullet Seed']","['Seed Bomb', 'Ancient Power', 'Psychic']"
118,103,Exeggutor,"['Grass', 'Psychic']",216,233,149,20%,6%,0,"['Bullet Seed', 'Extrasensory']","['Seed Bomb', 'Psychic', 'Solar Beam']"
119,103,Exeggutor ( Alolan  Exeggutor ),"['Grass', 'Dragon']",216,230,153,20%,6%,0,"['Dragon Tail', 'Bullet Seed']","['Seed Bomb', 'Dragon Pulse', 'Solar Beam']"
120,104,Cubone,['Ground'],137,90,144,40%,10%,50,"['Mud', 'Slap', 'Rock Smash']","['Dig', 'Bone Club', 'Bulldoze']"
121,105,Marowak,['Ground'],155,144,186,15%,6%,0,"['Mud', 'Slap', 'Rock Smash']","['Dig', 'Earthquake', 'Bone Club']"
122,105,Marowak ( Alolan  Marowak ),"['Fire', 'Ghost']",155,144,186,15%,6%,0,"['Rock Smash', 'Hex', 'Fire Spin']","['Flame Wheel', 'Shadow Ball', 'Bone Club', 'Fire Blast']"
123,106,Hitmonlee,['Fighting'],137,224,181,20%,9%,0,"['Low Kick', 'Rock Smash']","['Stone Edge', 'Low Sweep', 'Close Combat']"
124,107,Hitmonchan,['Fighting'],137,193,197,20%,9%,0,"['Bullet Punch', 'Counter']","['Ice Punch', 'Thunder Punch', 'Fire Punch', 'Close Combat', 'Power', 'Up Punch']"
125,108,Lickitung,['Normal'],207,108,137,20%,9%,100,"['Lick', 'Zen Headbutt']","['Hyper Beam', 'Power Whip', 'Stomp']"
126,109,Koffing,['Poison'],120,119,141,50%,10%,50,"['Tackle', 'Infestation']","['Dark Pulse', 'Sludge', 'Sludge Bomb']"
127,110,Weezing,['Poison'],163,174,197,20%,6%,0,"['Tackle', 'Infestation']","['Dark Pulse', 'Shadow Ball', 'Thunderbolt', 'Sludge Bomb']"
128,111,Rhyhorn,"['Ground', 'Rock']",190,140,127,50%,10%,25,"['Mud', 'Slap', 'Rock Smash']","['Bulldoze', 'Horn Attack', 'Stomp']"
129,112,Rhydon,"['Ground', 'Rock']",233,222,171,5%,6%,100,"['Mud', 'Slap', 'Rock Smash']","['Earthquake', 'Stone Edge', 'Surf']"
130,113,Chansey,['Normal'],487,60,128,20%,9%,50,"['Pound', 'Zen Headbutt']","['Hyper Beam', 'Dazzling Gleam', 'Psychic']"
131,114,Tangela,['Grass'],163,183,169,40%,9%,100,"['Vine Whip', 'Infestation']","['Sludge Bomb', 'Solar Beam', 'Grass Knot']"
132,115,Kangaskhan,['Normal'],233,181,165,20%,9%,0,"['Low Kick', 'Mud', 'Slap']","['Earthquake', 'Outrage', 'Crunch', 'Power', 'Up Punch']"
133,116,Horsea,['Water'],102,129,103,50%,10%,25,"['Water Gun', 'Bubble']","['Flash Cannon', 'Bubble Beam', 'Dragon Pulse']"
134,117,Seadra,['Water'],146,187,156,20%,6%,100,"['Dragon Breath', 'Water Gun']","['Dragon Pulse', 'Hydro Pump', 'Aurora Beam']"
135,118,Goldeen,['Water'],128,123,110,50%,15%,50,"['Peck', 'Mud Shot']","['Aqua Tail', 'Water Pulse', 'Horn Attack']"
136,119,Seaking,['Water'],190,175,147,20%,7%,0,"['Peck', 'Waterfall']","['Megahorn', 'Ice Beam', 'Water Pulse']"
137,120,Staryu,['Water'],102,137,112,50%,15%,50,"['Tackle', 'Water Gun']","['Bubble Beam', 'Power Gem', 'Swift']"
138,121,Starmie,"['Water', 'Psychic']",155,210,184,20%,6%,0,"['Water Gun', 'Hidden Power']","['Ice Beam', 'Power Gem', 'Thunder', 'Hydro Pump', 'Psychic']"
139,122,Mr. Mime,"['Psychic', 'Fairy']",120,192,205,30%,9%,0,"['Zen Headbutt', 'Confusion']","['Psybeam', 'Shadow Ball', 'Psychic']"
140,123,Scyther,"['Bug', 'Flying']",172,218,170,30%,9%,50,"['Fury Cutter', 'Air Slash']","['Aerial Ace', 'Night Slash', 'X', 'Scissor']"
141,124,Jynx,"['Ice', 'Psychic']",163,223,151,30%,9%,0,"['Frost Breath', 'Confusion']","['Psyshock', 'Draining Kiss', 'Focus Blast', 'Avalanche']"
142,125,Electabuzz,['Electric'],163,198,158,20%,9%,100,"['Thunder Shock', 'Low Kick']","['Thunder Punch', 'Thunder', 'Thunderbolt']"
143,126,Magmar,['Fire'],163,206,154,20%,9%,100,"['Karate Chop', 'Ember']","['Flamethrower', 'Fire Blast', 'Fire Punch']"
144,127,Pinsir,['Bug'],163,238,182,30%,9%,0,"['Bug Bite', 'Rock Smash']","['Vice Grip', 'X', 'Scissor', 'Close Combat']"
145,128,Tauros,['Normal'],181,198,183,30%,9%,0,"['Tackle', 'Zen Headbutt']","['Earthquake', 'Iron Head', 'Horn Attack']"
146,129,Magikarp,['Water'],85,29,85,70%,15%,400,['Splash'],['Struggle']
147,130,Gyarados,"['Water', 'Flying']",216,237,186,10%,7%,0,"['Bite', 'Waterfall']","['Hydro Pump', 'Outrage', 'Crunch']"
148,131,Lapras,"['Water', 'Ice']",277,165,174,5%,9%,0,"['Frost Breath', 'Water Gun']","['Blizzard', 'Hydro Pump', 'Surf', 'Skull Bash']"
149,132,Ditto,['Normal'],134,91,91,20%,10%,0,['Transform'],['Struggle']
150,133,Eevee,['Normal'],146,104,114,40%,10%,25,"['Quick Attack', 'Tackle']","['Dig', 'Swift']"
151,134,Vaporeon,['Water'],277,205,161,12.5%,6%,0,['Water Gun'],"['Aqua Tail', 'Water Pulse', 'Hydro Pump']"
152,135,Jolteon,['Electric'],163,232,182,12.5%,6%,0,"['Thunder Shock', 'Volt Switch']","['Discharge', 'Thunder', 'Thunderbolt']"
153,136,Flareon,['Fire'],163,246,179,12.5%,6%,0,"['Ember', 'Fire Spin']","['Flamethrower', 'Fire Blast', 'Overheat']"
154,137,Porygon,['Normal'],163,153,136,40%,9%,25,"['Charge Beam', 'Hidden Power']","['Hyper Beam', 'Solar Beam', 'Zap Cannon']"
155,138,Omanyte,"['Rock', 'Water']",111,155,153,40%,9%,50,"['Mud Shot', 'Water Gun']","['Bubble Beam', 'Ancient Power', 'Rock Blast']"
156,139,Omastar,"['Rock', 'Water']",172,207,201,15%,5%,0,"['Mud Shot', 'Water Gun']","['Ancient Power', 'Hydro Pump', 'Rock Blast']"
157,140,Kabuto,"['Rock', 'Water']",102,148,140,40%,9%,50,"['Mud Shot', 'Scratch']","['Aqua Jet', 'Ancient Power', 'Rock Tomb']"
158,141,Kabutops,"['Rock', 'Water']",155,220,186,15%,5%,0,"['Mud Shot', 'Rock Smash', 'Waterfall']","['Stone Edge', 'Ancient Power', 'Water Pulse']"
159,142,Aerodactyl,"['Rock', 'Flying']",190,221,159,20%,9%,0,"['Bite', 'Rock Throw', 'Steel Wing']","['Hyper Beam', 'Ancient Power', 'Rock Slide', 'Iron Head', 'Earth Power']"
160,143,Snorlax,['Normal'],330,190,169,5%,9%,0,"['Lick', 'Zen Headbutt']","['Hyper Beam', 'Earthquake', 'Heavy Slam', 'Outrage', 'Skull Bash']"
161,144,Articuno,"['Ice', 'Flying']",207,192,236,3%,10%,0,"['Ice Shard', 'Frost Breath']","['Ice Beam', 'Blizzard', 'Ancient Power', 'Icy Wind']"
162,145,Zapdos,"['Electric', 'Flying']",207,253,185,3%,10%,0,['Charge Beam'],"['Drill Peck', 'Ancient Power', 'Thunder', 'Thunderbolt', 'Zap Cannon']"
163,146,Moltres,"['Fire', 'Flying']",207,251,181,3%,10%,0,"['Wing Attack', 'Fire Spin']","['Heat Wave', 'Ancient Power', 'Fire Blast', 'Overheat']"
164,147,Dratini,['Dragon'],121,119,91,40%,9%,25,"['Dragon Breath', 'Iron Tail']","['Wrap', 'Aqua Tail', 'Twister']"
165,148,Dragonair,['Dragon'],156,163,135,10%,6%,100,"['Dragon Breath', 'Iron Tail']","['Wrap', 'Aqua Tail', 'Dragon Pulse']"
166,149,Dragonite,"['Dragon', 'Flying']",209,263,198,5%,5%,0,"['Steel Wing', 'Dragon Tail']","['Hyper Beam', 'Hurricane', 'Outrage']"
167,150,Mewtwo,['Psychic'],214,300,182,6%,10%,0,"['Psycho Cut', 'Confusion']","['Flamethrower', 'Ice Beam', 'Thunderbolt', 'Psychic', 'Focus Blast']"
168,150,Mewtwo ( Armored  Mewtwo ),['Psychic'],214,182,278,6%,0%,0,"['Confusion', 'Iron Tail']","['Earthquake', 'Rock Slide', 'Dynamic Punch', 'Future Sight']"
169,151,Mew,['Psychic'],225,210,210,100%,0%,0,"['Shadow Claw', 'Frost Breath', 'Pound', 'Cut', 'Poison Jab', 'Steel Wing', 'Rock Smash', 'Charge Beam', 'Volt Switch', 'Dragon Tail', 'Infestation', 'Struggle Bug', 'Snarl', 'Waterfall']","['Hyper Beam', 'Dark Pulse', 'Stone Edge', 'Flash Cannon', 'Ice Beam', 'Blizzard', 'Low Sweep', 'Psyshock', 'Ancient Power', 'Rock Slide', 'Thunder', 'Thunderbolt', 'Dragon Claw', 'Dazzling Gleam', 'Bulldoze', 'Flame Charge', 'Psychic', 'Solar Beam', 'Focus Blast', 'Wild Charge', 'Gyro Ball', 'Overheat', 'Grass Knot', 'Energy Ball', 'Surf']"
170,152,Chikorita,['Grass'],128,92,122,20%,10%,25,"['Vine Whip', 'Tackle']","['Body Slam', 'Grass Knot', 'Energy Ball']"
171,153,Bayleef,['Grass'],155,122,155,12.5%,7%,100,"['Razor Leaf', 'Tackle']","['Ancient Power', 'Grass Knot', 'Energy Ball']"
172,154,Meganium,['Grass'],190,168,202,5%,5%,0,"['Vine Whip', 'Razor Leaf']","['Earthquake', 'Petal Blizzard', 'Solar Beam']"
173,155,Cyndaquil,['Fire'],118,116,93,20%,10%,25,"['Ember', 'Tackle']","['Flamethrower', 'Flame Charge', 'Swift']"
174,156,Quilava,['Fire'],151,158,126,12.5%,7%,100,"['Ember', 'Tackle']","['Flamethrower', 'Dig', 'Flame Charge']"
175,157,Typhlosion,['Fire'],186,223,173,5%,5%,0,"['Ember', 'Shadow Claw']","['Fire Blast', 'Solar Beam', 'Overheat']"
176,158,Totodile,['Water'],137,117,109,20%,10%,25,"['Scratch', 'Water Gun']","['Aqua Jet', 'Water Pulse', 'Crunch']"
177,159,Croconaw,['Water'],163,150,142,12.5%,7%,100,"['Scratch', 'Water Gun']","['Ice Punch', 'Water Pulse', 'Crunch']"
178,160,Feraligatr,['Water'],198,205,188,5%,5%,0,"['Bite', 'Waterfall']","['Ice Beam', 'Hydro Pump', 'Crunch']"
179,161,Sentret,['Normal'],111,79,73,50%,20%,25,"['Quick Attack', 'Scratch']","['Dig', 'Brick Break', 'Grass Knot']"
180,162,Furret,['Normal'],198,148,125,15%,7%,0,"['Sucker Punch', 'Quick Attack']","['Hyper Beam', 'Dig', 'Brick Break']"
181,163,Hoothoot,"['Normal', 'Flying']",155,67,88,50%,15%,50,"['Peck', 'Feint Attack']","['Aerial Ace', 'Sky Attack', 'Night Shade']"
182,164,Noctowl,"['Normal', 'Flying']",225,145,156,15%,7%,0,"['Wing Attack', 'Extrasensory']","['Psychic', 'Sky Attack', 'Night Shade']"
183,165,Ledyba,"['Bug', 'Flying']",120,72,118,50%,20%,25,"['Bug Bite', 'Tackle']","['Aerial Ace', 'Swift', 'Silver Wind']"
184,166,Ledian,"['Bug', 'Flying']",146,107,179,15%,7%,0,"['Bug Bite', 'Struggle Bug']","['Aerial Ace', 'Bug Buzz', 'Silver Wind']"
185,167,Spinarak,"['Bug', 'Poison']",120,105,73,50%,20%,50,"['Bug Bite', 'Poison Sting']","['Night Slash', 'Cross Poison', 'Signal Beam']"
186,168,Ariados,"['Bug', 'Poison']",172,161,124,15%,7%,0,"['Poison Sting', 'Infestation']","['Megahorn', 'Shadow Sneak', 'Cross Poison']"
187,169,Crobat,"['Poison', 'Flying']",198,194,178,10%,5%,0,"['Bite', 'Air Slash']","['Shadow Ball', 'Sludge Bomb', 'Air Cutter']"
188,170,Chinchou,"['Water', 'Electric']",181,106,97,40%,10%,50,"['Spark', 'Bubble']","['Bubble Beam', 'Thunderbolt', 'Water Pulse']"
189,171,Lanturn,"['Water', 'Electric']",268,146,137,15%,7%,0,"['Water Gun', 'Charge Beam']","['Thunder', 'Thunderbolt', 'Hydro Pump']"
190,172,Pichu,['Electric'],85,77,53,—,5%,25,['Thunder Shock'],"['Thunder Punch', 'Thunderbolt', 'Disarming Voice']"
191,173,Cleffa,['Fairy'],137,75,79,—,5%,25,"['Pound', 'Zen Headbutt']","['Psyshock', 'Signal Beam', 'Grass Knot']"
192,174,Igglybuff,"['Normal', 'Fairy']",207,69,32,—,5%,25,"['Pound', 'Feint Attack']","['Shadow Ball', 'Psychic', 'Wild Charge']"
193,175,Togepi,['Fairy'],111,67,116,—,5%,25,"['Peck', 'Hidden Power']","['Psyshock', 'Ancient Power', 'Dazzling Gleam']"
194,176,Togetic,"['Fairy', 'Flying']",146,139,181,20%,5%,100,"['Extrasensory', 'Hidden Power']","['Aerial Ace', 'Ancient Power', 'Dazzling Gleam']"
195,177,Natu,"['Psychic', 'Flying']",120,134,89,40%,15%,50,"['Peck', 'Quick Attack']","['Drill Peck', 'Psyshock', 'Night Shade']"
196,178,Xatu,"['Psychic', 'Flying']",163,192,146,15%,7%,0,"['Feint Attack', 'Air Slash']","['Aerial Ace', 'Ominous Wind', 'Future Sight']"
197,179,Mareep,['Electric'],146,114,79,50%,10%,25,"['Thunder Shock', 'Tackle']","['Discharge', 'Thunderbolt', 'Body Slam']"
198,180,Flaaffy,['Electric'],172,145,109,25%,7%,100,"['Tackle', 'Charge Beam']","['Discharge', 'Power Gem', 'Thunderbolt']"
199,181,Ampharos,['Electric'],207,211,169,12.5%,5%,0,"['Charge Beam', 'Volt Switch']","['Power Gem', 'Thunder', 'Focus Blast', 'Zap Cannon']"
200,182,Bellossom,['Grass'],181,169,186,5%,5%,0,"['Razor Leaf', 'Acid']","['Petal Blizzard', 'Dazzling Gleam', 'Leaf Blade']"
201,183,Marill,"['Water', 'Fairy']",172,37,93,50%,10%,25,"['Tackle', 'Bubble']","['Bubble Beam', 'Aqua Tail', 'Body Slam']"
202,184,Azumarill,"['Water', 'Fairy']",225,112,152,15%,7%,0,"['Bubble', 'Rock Smash']","['Ice Beam', 'Play Rough', 'Hydro Pump']"
203,185,Sudowoodo,['Rock'],172,167,176,12.5%,5%,0,"['Rock Throw', 'Counter']","['Earthquake', 'Stone Edge', 'Rock Slide']"
204,186,Politoed,['Water'],207,174,179,10%,5%,0,"['Mud Shot', 'Bubble']","['Blizzard', 'Hydro Pump', 'Surf']"
205,187,Hoppip,"['Grass', 'Flying']",111,67,94,50%,12%,25,"['Tackle', 'Bullet Seed']","['Seed Bomb', 'Dazzling Gleam', 'Grass Knot']"
206,188,Skiploom,"['Grass', 'Flying']",146,91,120,25%,7%,100,"['Tackle', 'Bullet Seed']","['Dazzling Gleam', 'Grass Knot', 'Energy Ball']"
207,189,Jumpluff,"['Grass', 'Flying']",181,118,183,12.5%,5%,0,"['Infestation', 'Bullet Seed']","['Dazzling Gleam', 'Solar Beam', 'Energy Ball']"
208,190,Aipom,['Normal'],146,136,112,20%,9%,100,"['Scratch', 'Astonish']","['Aerial Ace', 'Low Sweep', 'Swift']"
209,191,Sunkern,['Grass'],102,55,55,50%,9%,50,"['Razor Leaf', 'Cut']","['Seed Bomb', 'Grass Knot', 'Energy Ball']"
210,192,Sunflora,['Grass'],181,185,135,10%,7%,0,"['Razor Leaf', 'Bullet Seed']","['Petal Blizzard', 'Sludge Bomb', 'Solar Beam']"
211,193,Yanma,"['Bug', 'Flying']",163,154,94,30%,10%,100,"['Wing Attack', 'Quick Attack']","['Aerial Ace', 'Ancient Power', 'Silver Wind']"
212,194,Wooper,"['Water', 'Ground']",146,75,66,40%,10%,50,"['Mud Shot', 'Water Gun']","['Dig', 'Mud Bomb', 'Body Slam']"
213,195,Quagsire,"['Water', 'Ground']",216,152,143,15%,7%,0,"['Mud Shot', 'Water Gun']","['Earthquake', 'Stone Edge', 'Sludge Bomb', 'Acid Spray']"
214,196,Espeon,['Psychic'],163,261,175,12.5%,5%,0,"['Zen Headbutt', 'Confusion']","['Psybeam', 'Psychic', 'Future Sight']"
215,197,Umbreon,['Dark'],216,126,240,12.5%,5%,0,"['Feint Attack', 'Snarl']","['Dark Pulse', 'Foul Play']"
216,198,Murkrow,"['Dark', 'Flying']",155,175,87,20%,10%,100,"['Peck', 'Feint Attack']","['Dark Pulse', 'Drill Peck', 'Foul Play']"
217,199,Slowking,"['Water', 'Psychic']",216,177,180,10%,5%,0,"['Water Gun', 'Confusion']","['Blizzard', 'Fire Blast', 'Psychic']"
218,200,Misdreavus,['Ghost'],155,167,154,30%,7%,100,"['Astonish', 'Hex']","['Dark Pulse', 'Shadow Sneak', 'Ominous Wind']"
219,201,Unown,['Psychic'],134,136,91,30%,10%,0,['Hidden Power'],['Struggle']
220,202,Wobbuffet,['Psychic'],382,60,106,25%,7%,0,"['Splash', 'Counter', 'Charm']",['Mirror Coat']
221,203,Girafarig,"['Normal', 'Psychic']",172,182,133,30%,7%,0,"['Tackle', 'Confusion']","['Thunderbolt', 'Psychic', 'Mirror Coat']"
222,204,Pineco,['Bug'],137,108,122,40%,12%,50,"['Bug Bite', 'Tackle']","['Rock Tomb', 'Sand Tomb', 'Gyro Ball']"
223,205,Forretress,"['Bug', 'Steel']",181,161,205,15%,7%,0,"['Bug Bite', 'Struggle Bug']","['Earthquake', 'Rock Tomb', 'Heavy Slam']"
224,206,Dunsparce,['Normal'],225,131,128,30%,20%,0,"['Bite', 'Astonish']","['Dig', 'Drill Run', 'Rock Slide']"
225,207,Gligar,"['Ground', 'Flying']",163,143,184,20%,7%,100,"['Fury Cutter', 'Wing Attack']","['Dig', 'Aerial Ace', 'Night Slash']"
226,208,Steelix,"['Steel', 'Ground']",181,148,272,10%,5%,0,"['Dragon Tail', 'Iron Tail', 'Thunder Fang']","['Earthquake', 'Heavy Slam', 'Crunch']"
227,209,Snubbull,['Fairy'],155,137,85,40%,10%,50,"['Bite', 'Tackle']","['Dazzling Gleam', 'Brick Break', 'Crunch']"
228,210,Granbull,['Fairy'],207,212,131,15%,8%,0,"['Bite', 'Snarl', 'Charm']","['Play Rough', 'Close Combat', 'Crunch']"
229,211,Qwilfish,"['Water', 'Poison']",163,184,138,30%,8%,0,"['Water Gun', 'Poison Sting']","['Ice Beam', 'Aqua Tail', 'Sludge Wave', 'Acid Spray']"
230,212,Scizor,"['Bug', 'Steel']",172,236,181,5%,5%,0,"['Fury Cutter', 'Bullet Punch']","['Night Slash', 'Iron Head', 'X', 'Scissor']"
231,213,Shuckle,"['Bug', 'Rock']",85,17,396,30%,7%,0,"['Rock Throw', 'Struggle Bug']","['Stone Edge', 'Rock Blast', 'Gyro Ball']"
232,214,Heracross,"['Bug', 'Fighting']",190,234,179,30%,9%,0,"['Counter', 'Struggle Bug']","['Megahorn', 'Earthquake', 'Close Combat']"
233,215,Sneasel,"['Dark', 'Ice']",146,189,146,20%,7%,100,"['Ice Shard', 'Feint Attack']","['Ice Punch', 'Avalanche', 'Foul Play']"
234,216,Teddiursa,['Normal'],155,142,93,50%,20%,50,"['Lick', 'Scratch']","['Cross Chop', 'Play Rough', 'Crunch']"
235,217,Ursaring,['Normal'],207,236,144,15%,7%,0,"['Shadow Claw', 'Metal Claw', 'Counter']","['Hyper Beam', 'Play Rough', 'Close Combat']"
236,218,Slugma,['Fire'],120,118,71,30%,10%,50,"['Ember', 'Rock Throw']","['Rock Slide', 'Flame Charge', 'Flame Burst']"
237,219,Magcargo,"['Fire', 'Rock']",137,139,191,12.5%,6%,0,"['Ember', 'Rock Throw']","['Stone Edge', 'Heat Wave', 'Overheat']"
238,220,Swinub,"['Ice', 'Ground']",137,90,69,30%,10%,25,"['Tackle', 'Powder Snow']","['Rock Slide', 'Icy Wind', 'Body Slam']"
239,221,Piloswine,"['Ice', 'Ground']",225,181,138,12.5%,6%,100,"['Ice Shard', 'Powder Snow']","['Stone Edge', 'Bulldoze', 'Avalanche']"
240,222,Corsola,"['Water', 'Rock']",146,118,156,30%,12%,0,"['Tackle', 'Bubble']","['Bubble Beam', 'Power Gem', 'Rock Blast']"
241,223,Remoraid,['Water'],111,127,69,50%,10%,50,"['Mud Shot', 'Water Gun']","['Water Pulse', 'Aurora Beam', 'Rock Blast']"
242,224,Octillery,['Water'],181,197,141,15%,7%,0,"['Mud Shot', 'Water Gun']","['Gunk Shot', 'Water Pulse', 'Aurora Beam', 'Acid Spray']"
243,225,Delibird,"['Ice', 'Flying']",128,128,90,20%,20%,0,['Present'],"['Ice Punch', 'Aerial Ace', 'Icy Wind']"
244,226,Mantine,"['Water', 'Flying']",163,148,226,30%,7%,0,"['Wing Attack', 'Bubble', 'Bullet Seed']","['Ice Beam', 'Aerial Ace', 'Bubble Beam', 'Water Pulse']"
245,227,Skarmory,"['Steel', 'Flying']",163,148,226,20%,9%,0,"['Steel Wing', 'Air Slash']","['Flash Cannon', 'Brave Bird', 'Sky Attack']"
246,228,Houndour,"['Dark', 'Fire']",128,152,83,40%,10%,50,"['Ember', 'Feint Attack']","['Dark Pulse', 'Flamethrower', 'Crunch']"
247,229,Houndoom,"['Dark', 'Fire']",181,224,144,15%,6%,0,"['Fire Fang', 'Snarl']","['Flamethrower', 'Fire Blast', 'Crunch', 'Foul Play']"
248,230,Kingdra,"['Water', 'Dragon']",181,194,194,10%,5%,0,"['Dragon Breath', 'Waterfall']","['Blizzard', 'Hydro Pump', 'Outrage']"
249,231,Phanpy,['Ground'],207,107,98,50%,20%,50,"['Tackle', 'Rock Smash']","['Rock Slide', 'Bulldoze', 'Body Slam']"
250,232,Donphan,['Ground'],207,214,185,12.5%,7%,0,"['Tackle', 'Mud', 'Slap', 'Counter', 'Charm']","['Earthquake', 'Play Rough', 'Heavy Slam']"
251,233,Porygon2,['Normal'],198,198,180,5%,5%,100,,
252,234,Stantler,['Normal'],177,192,131,30%,8%,0,"['Tackle', 'Zen Headbutt']","['Megahorn', 'Stomp', 'Wild Charge']"
253,235,Smeargle,['Normal'],146,40,83,25%,7%,0,,
254,236,Tyrogue,['Fighting'],111,64,64,—,20%,25,"['Tackle', 'Rock Smash']","['Low Sweep', 'Rock Slide', 'Brick Break']"
255,237,Hitmontop,['Fighting'],137,173,207,10%,5%,0,"['Rock Smash', 'Counter']","['Stone Edge', 'Close Combat', 'Gyro Ball']"
256,238,Smoochum,"['Ice', 'Psychic']",128,153,91,—,20%,25,"['Pound', 'Powder Snow']","['Ice Punch', 'Ice Beam', 'Psyshock']"
257,239,Elekid,['Electric'],128,135,101,—,20%,25,"['Thunder Shock', 'Low Kick']","['Discharge', 'Thunder Punch', 'Brick Break']"
258,240,Magby,['Fire'],128,151,99,—,20%,25,"['Karate Chop', 'Ember']","['Flame Burst', 'Fire Punch', 'Brick Break']"
259,241,Miltank,['Normal'],216,157,193,20%,8%,0,"['Tackle', 'Zen Headbutt']","['Ice Beam', 'Thunderbolt', 'Stomp', 'Body Slam', 'Gyro Ball']"
260,242,Blissey,['Normal'],496,129,169,5%,5%,0,"['Pound', 'Zen Headbutt']","['Hyper Beam', 'Dazzling Gleam', 'Psychic']"
261,243,Raikou,['Electric'],207,241,195,2%,4%,0,"['Thunder Shock', 'Volt Switch']","['Shadow Ball', 'Thunder', 'Thunderbolt', 'Wild Charge']"
262,244,Entei,['Fire'],251,235,171,2%,4%,0,"['Fire Fang', 'Fire Spin']","['Flamethrower', 'Iron Head', 'Fire Blast', 'Overheat']"
263,245,Suicune,['Water'],225,180,235,2%,4%,0,"['Extrasensory', 'Snarl', 'Ice Fang']","['Ice Beam', 'Bubble Beam', 'Water Pulse', 'Hydro Pump']"
264,246,Larvitar,"['Rock', 'Ground']",137,115,93,40%,10%,25,"['Bite', 'Rock Smash']","['Ancient Power', 'Stomp', 'Crunch']"
265,247,Pupitar,"['Rock', 'Ground']",172,155,133,10%,7%,100,"['Bite', 'Rock Smash']","['Dig', 'Ancient Power', 'Crunch']"
266,248,Tyranitar,"['Rock', 'Dark']",225,251,207,5%,4%,0,"['Bite', 'Iron Tail']","['Stone Edge', 'Fire Blast', 'Crunch']"
267,249,Lugia,"['Psychic', 'Flying']",235,193,310,2%,4%,0,"['Dragon Tail', 'Extrasensory']","['Hydro Pump', 'Sky Attack', 'Future Sight']"
268,250,Ho-oh,"['Fire', 'Flying']",214,239,244,2%,4%,0,"['Steel Wing', 'Extrasensory', 'Hidden Power']","['Fire Blast', 'Solar Beam', 'Brave Bird']"
269,251,Celebi,"['Psychic', 'Grass']",225,210,210,100%,0%,0,"['Confusion', 'Charge Beam']","['Hyper Beam', 'Dazzling Gleam', 'Psychic']"
270,252,Treecko,['Grass'],120,124,94,20%,10%,25,"['Pound', 'Bullet Seed']","['Aerial Ace', 'Grass Knot', 'Energy Ball']"
271,253,Grovyle,['Grass'],137,172,120,10%,7%,100,"['Quick Attack', 'Bullet Seed']","['Aerial Ace', 'Leaf Blade', 'Grass Knot']"
272,254,Sceptile,['Grass'],172,223,169,5%,5%,0,"['Fury Cutter', 'Bullet Seed']","['Earthquake', 'Aerial Ace', 'Dragon Claw', 'Leaf Blade']"
273,255,Torchic,['Fire'],128,130,87,20%,10%,25,"['Ember', 'Scratch']","['Flamethrower', 'Rock Tomb', 'Flame Charge']"
274,256,Combusken,"['Fire', 'Fighting']",155,163,115,10%,7%,100,"['Ember', 'Peck']","['Flamethrower', 'Rock Slide', 'Flame Charge']"
275,257,Blaziken,"['Fire', 'Fighting']",190,240,141,5%,5%,0,"['Counter', 'Fire Spin']","['Focus Blast', 'Brave Bird', 'Overheat', 'Blaze Kick']"
276,258,Mudkip,['Water'],137,126,93,20%,10%,25,"['Tackle', 'Water Gun']","['Sludge', 'Dig', 'Stomp']"
277,259,Marshtomp,"['Water', 'Ground']",172,156,133,10%,7%,100,"['Mud Shot', 'Water Gun']","['Sludge', 'Mud Bomb', 'Surf']"
278,260,Swampert,"['Water', 'Ground']",225,208,175,5%,5%,0,"['Mud Shot', 'Water Gun']","['Earthquake', 'Sludge Wave', 'Surf', 'Muddy Water']"
279,261,Poochyena,['Dark'],111,96,61,50%,20%,50,"['Tackle', 'Snarl']","['Dig', 'Poison Fang', 'Crunch']"
280,262,Mightyena,['Dark'],172,171,132,20%,7%,0,"['Bite', 'Fire Fang', 'Thunder Fang', 'Ice Fang']","['Poison Fang', 'Play Rough', 'Crunch']"
281,263,Zigzagoon,['Normal'],116,58,80,50%,20%,50,"['Tackle', 'Rock Smash']","['Dig', 'Thunderbolt', 'Grass Knot']"
282,264,Linoone,['Normal'],186,142,128,20%,7%,0,"['Shadow Claw', 'Tackle']","['Dig', 'Thunder', 'Grass Knot']"
283,265,Wurmple,['Bug'],128,75,59,50%,20%,12,"['Bug Bite', 'Tackle']",['Struggle']
284,266,Silcoon,['Bug'],137,60,77,25%,9%,50,"['Bug Bite', 'Poison Sting']",['Struggle']
285,267,Beautifly,"['Bug', 'Flying']",155,189,98,12.5%,6%,0,"['Infestation', 'Struggle Bug']","['Bug Buzz', 'Air Cutter', 'Silver Wind']"
286,268,Cascoon,['Bug'],137,60,77,25%,9%,50,"['Bug Bite', 'Poison Sting']",['Struggle']
287,269,Dustox,"['Bug', 'Poison']",155,98,162,12.5%,6%,0,"['Confusion', 'Struggle Bug']","['Bug Buzz', 'Sludge Bomb', 'Silver Wind']"
288,270,Lotad,"['Water', 'Grass']",120,71,77,50%,20%,25,"['Razor Leaf', 'Water Gun']","['Bubble Beam', 'Energy Ball']"
289,271,Lombre,"['Water', 'Grass']",155,112,119,25%,9%,100,"['Razor Leaf', 'Bubble']","['Ice Beam', 'Bubble Beam', 'Grass Knot']"
290,272,Ludicolo,"['Water', 'Grass']",190,173,176,12.5%,6%,0,"['Razor Leaf', 'Bubble']","['Ice Beam', 'Blizzard', 'Hydro Pump', 'Solar Beam']"
291,273,Seedot,['Grass'],120,71,77,50%,20%,25,"['Quick Attack', 'Bullet Seed']","['Grass Knot', 'Energy Ball', 'Foul Play']"
292,274,Nuzleaf,"['Grass', 'Dark']",172,134,78,25%,9%,100,"['Razor Leaf', 'Feint Attack']","['Leaf Blade', 'Grass Knot', 'Foul Play']"
293,275,Shiftry,"['Grass', 'Dark']",207,200,121,12.5%,6%,0,"['Razor Leaf', 'Feint Attack']","['Leaf Blade', 'Hurricane', 'Foul Play', 'Leaf Tornado']"
294,276,Taillow,"['Normal', 'Flying']",120,106,61,50%,20%,50,"['Peck', 'Quick Attack']",['Aerial Ace']
295,277,Swellow,"['Normal', 'Flying']",155,185,124,20%,7%,0,"['Wing Attack', 'Steel Wing']","['Aerial Ace', 'Brave Bird', 'Sky Attack']"
296,278,Wingull,"['Water', 'Flying']",120,106,61,50%,20%,50,"['Quick Attack', 'Water Gun']","['Ice Beam', 'Water Pulse', 'Air Cutter']"
297,279,Pelipper,"['Water', 'Flying']",155,175,174,20%,7%,0,"['Wing Attack', 'Water Gun']","['Blizzard', 'Hydro Pump', 'Hurricane']"
298,280,Ralts,"['Psychic', 'Fairy']",99,79,59,40%,9%,25,"['Confusion', 'Charge Beam']","['Psyshock', 'Shadow Sneak', 'Disarming Voice']"
299,281,Kirlia,"['Psychic', 'Fairy']",116,117,90,10%,6%,100,"['Confusion', 'Charge Beam']","['Shadow Sneak', 'Disarming Voice', 'Psychic']"
300,282,Gardevoir,"['Psychic', 'Fairy']",169,237,195,5%,5%,0,"['Confusion', 'Charge Beam', 'Charm']","['Shadow Ball', 'Dazzling Gleam', 'Psychic']"
301,283,Surskit,"['Bug', 'Water']",120,93,87,50%,20%,50,"['Bug Bite', 'Bubble']","['Bubble Beam', 'Aqua Jet', 'Signal Beam']"
302,284,Masquerain,"['Bug', 'Flying']",172,192,150,20%,7%,0,"['Air Slash', 'Infestation']","['Ominous Wind', 'Air Cutter', 'Silver Wind']"
303,285,Shroomish,['Grass'],155,74,110,50%,20%,50,"['Tackle', 'Bullet Seed']","['Seed Bomb', 'Grass Knot', 'Energy Ball']"
304,286,Breloom,"['Grass', 'Fighting']",155,241,144,20%,7%,0,"['Counter', 'Bullet Seed']","['Seed Bomb', 'Sludge Bomb', 'Dynamic Punch']"
305,287,Slakoth,['Normal'],155,104,92,40%,9%,25,['Yawn'],"['Night Slash', 'Brick Break', 'Body Slam']"
306,288,Vigoroth,['Normal'],190,159,145,10%,6%,100,"['Scratch', 'Counter']","['Bulldoze', 'Brick Break', 'Body Slam']"
307,289,Slaking,['Normal'],284,290,166,5%,5%,0,['Yawn'],"['Hyper Beam', 'Earthquake', 'Play Rough']"
308,290,Nincada,"['Bug', 'Ground']",104,80,126,20%,10%,50,"['Bug Bite', 'Scratch']","['Aerial Ace', 'Bug Buzz', 'Night Slash']"
309,291,Ninjask,"['Bug', 'Flying']",156,199,112,10%,7%,0,"['Fury Cutter', 'Metal Claw']","['Aerial Ace', 'Bug Buzz', 'Shadow Ball']"
310,292,Shedinja,"['Bug', 'Ghost']",1,153,73,5%,5%,0,"['Bug Bite', 'Shadow Claw']","['Dig', 'Aerial Ace', 'Shadow Sneak']"
311,293,Whismur,['Normal'],162,92,42,50%,20%,12,"['Pound', 'Astonish']","['Flamethrower', 'Disarming Voice', 'Stomp']"
312,294,Loudred,['Normal'],197,134,81,25%,9%,50,"['Bite', 'Rock Smash']","['Flamethrower', 'Disarming Voice', 'Stomp']"
313,295,Exploud,['Normal'],232,179,137,12.5%,6%,0,"['Bite', 'Astonish']","['Disarming Voice', 'Fire Blast', 'Crunch']"
314,296,Makuhita,['Fighting'],176,99,54,50%,10%,50,"['Tackle', 'Rock Smash']","['Cross Chop', 'Low Sweep', 'Heavy Slam']"
315,297,Hariyama,['Fighting'],302,209,114,20%,6%,0,"['Bullet Punch', 'Counter']","['Close Combat', 'Dynamic Punch', 'Heavy Slam']"
316,298,Azurill,"['Normal', 'Fairy']",137,36,71,10%,4%,25,"['Splash', 'Bubble']","['Ice Beam', 'Bubble Beam', 'Body Slam']"
317,299,Nosepass,['Rock'],102,82,215,20%,9%,50,"['Spark', 'Rock Throw']","['Rock Slide', 'Thunderbolt', 'Rock Blast']"
318,300,Skitty,['Normal'],137,84,79,50%,10%,50,"['Tackle', 'Feint Attack']","['Dig', 'Disarming Voice', 'Wild Charge']"
319,301,Delcatty,['Normal'],172,132,127,20%,6%,0,"['Zen Headbutt', 'Feint Attack', 'Charm']","['Disarming Voice', 'Play Rough', 'Wild Charge']"
320,302,Sableye,"['Dark', 'Ghost']",137,141,136,20%,7%,0,"['Shadow Claw', 'Feint Attack']","['Power Gem', 'Shadow Sneak', 'Foul Play']"
321,303,Mawile,"['Steel', 'Fairy']",137,155,141,50%,9%,0,"['Bite', 'Fire Fang', 'Astonish', 'Ice Fang']","['Vice Grip', 'Iron Head', 'Play Rough', 'Power', 'Up Punch']"
322,304,Aron,"['Steel', 'Rock']",137,121,141,50%,20%,25,"['Tackle', 'Metal Claw']","['Rock Tomb', 'Iron Head', 'Body Slam']"
323,305,Lairon,"['Steel', 'Rock']",155,158,198,25%,9%,100,"['Metal Claw', 'Iron Tail']","['Rock Slide', 'Body Slam', 'Heavy Slam']"
324,306,Aggron,"['Steel', 'Rock']",172,198,257,12.5%,6%,0,"['Dragon Tail', 'Iron Tail', 'Smack Down']","['Stone Edge', 'Thunder', 'Heavy Slam']"
325,307,Meditite,"['Fighting', 'Psychic']",102,78,107,50%,10%,50,"['Confusion', 'Rock Smash']","['Ice Punch', 'Low Sweep', 'Psyshock']"
326,308,Medicham,"['Fighting', 'Psychic']",155,121,152,20%,6%,0,"['Psycho Cut', 'Counter']","['Ice Punch', 'Psychic', 'Dynamic Punch', 'Power', 'Up Punch']"
327,309,Electrike,['Electric'],120,123,78,50%,10%,50,"['Spark', 'Quick Attack']","['Discharge', 'Thunderbolt', 'Swift']"
328,310,Manectric,['Electric'],172,215,127,20%,6%,0,"['Charge Beam', 'Snarl']","['Thunder', 'Flame Burst', 'Wild Charge']"
329,311,Plusle,['Electric'],155,167,129,30%,9%,0,"['Spark', 'Quick Attack']","['Discharge', 'Thunderbolt', 'Swift']"
330,312,Minun,['Electric'],155,147,150,30%,9%,0,"['Spark', 'Quick Attack']","['Discharge', 'Thunderbolt', 'Swift']"
331,313,Volbeat,['Bug'],163,143,166,30%,9%,0,"['Tackle', 'Struggle Bug']","['Bug Buzz', 'Thunderbolt', 'Signal Beam']"
332,314,Illumise,['Bug'],163,143,166,30%,9%,0,"['Tackle', 'Struggle Bug']","['Bug Buzz', 'Dazzling Gleam', 'Silver Wind']"
333,315,Roselia,"['Grass', 'Poison']",137,186,131,30%,9%,100,"['Razor Leaf', 'Poison Jab']","['Petal Blizzard', 'Dazzling Gleam', 'Sludge Bomb']"
334,316,Gulpin,['Poison'],172,80,99,50%,10%,50,"['Pound', 'Rock Smash']","['Sludge', 'Ice Beam', 'Gunk Shot']"
335,317,Swalot,['Poison'],225,140,159,20%,6%,0,"['Rock Smash', 'Infestation']","['Ice Beam', 'Sludge Bomb', 'Gunk Shot', 'Acid Spray']"
336,318,Carvanha,"['Water', 'Dark']",128,171,39,50%,10%,50,"['Bite', 'Snarl']","['Poison Fang', 'Aqua Jet', 'Crunch']"
337,319,Sharpedo,"['Water', 'Dark']",172,243,83,20%,6%,0,"['Bite', 'Waterfall']","['Poison Fang', 'Hydro Pump', 'Crunch']"
338,320,Wailmer,['Water'],277,136,68,50%,10%,400,"['Water Gun', 'Splash']","['Water Pulse', 'Body Slam', 'Heavy Slam']"
339,321,Wailord,['Water'],347,175,87,20%,6%,0,"['Water Gun', 'Zen Headbutt']","['Hyper Beam', 'Blizzard', 'Surf']"
340,322,Numel,"['Fire', 'Ground']",155,119,79,50%,10%,50,"['Ember', 'Tackle']","['Heat Wave', 'Bulldoze', 'Stomp']"
341,323,Camerupt,"['Fire', 'Ground']",172,194,136,20%,6%,0,"['Ember', 'Rock Smash']","['Earthquake', 'Solar Beam', 'Overheat', 'Earth Power']"
342,324,Torkoal,['Fire'],172,151,203,30%,9%,0,"['Ember', 'Fire Spin']","['Earthquake', 'Solar Beam', 'Overheat']"
343,325,Spoink,['Psychic'],155,125,122,50%,10%,50,"['Splash', 'Zen Headbutt']","['Psybeam', 'Shadow Ball', 'Mirror Coat']"
344,326,Grumpig,['Psychic'],190,171,188,20%,6%,0,"['Charge Beam', 'Extrasensory']","['Shadow Ball', 'Psychic', 'Mirror Coat']"
345,327,Spinda,['Normal'],155,116,116,30%,9%,0,"['Sucker Punch', 'Psycho Cut']","['Dig', 'Rock Tomb', 'Icy Wind']"
346,328,Trapinch,['Ground'],128,162,78,40%,9%,25,"['Mud Shot', 'Struggle Bug']","['Dig', 'Sand Tomb', 'Crunch']"
347,329,Vibrava,"['Ground', 'Dragon']",137,134,99,10%,6%,100,"['Dragon Breath', 'Mud Shot']","['Bug Buzz', 'Bulldoze', 'Sand Tomb']"
348,330,Flygon,"['Ground', 'Dragon']",190,205,168,5%,5%,0,"['Mud Shot', 'Dragon Tail']","['Earthquake', 'Stone Edge', 'Dragon Claw']"
349,331,Cacnea,['Grass'],137,156,74,50%,10%,50,"['Sucker Punch', 'Poison Sting']","['Seed Bomb', 'Brick Break', 'Grass Knot']"
350,332,Cacturne,"['Grass', 'Dark']",172,221,115,20%,6%,0,"['Sucker Punch', 'Poison Jab']","['Dark Pulse', 'Dynamic Punch', 'Grass Knot']"
351,333,Swablu,"['Normal', 'Flying']",128,76,132,50%,10%,400,"['Peck', 'Astonish']","['Ice Beam', 'Aerial Ace', 'Disarming Voice']"
352,334,Altaria,"['Dragon', 'Flying']",181,141,201,20%,6%,0,"['Dragon Breath', 'Peck']","['Dragon Pulse', 'Dazzling Gleam', 'Sky Attack']"
353,335,Zangoose,['Normal'],177,222,124,30%,9%,0,"['Fury Cutter', 'Shadow Claw']","['Dig', 'Night Slash', 'Close Combat']"
354,336,Seviper,['Poison'],177,196,118,30%,9%,0,"['Poison Jab', 'Iron Tail']","['Wrap', 'Poison Fang', 'Crunch']"
355,337,Lunatone,"['Rock', 'Psychic']",207,178,153,30%,9%,0,"['Rock Throw', 'Confusion']","['Rock Slide', 'Moonblast', 'Psychic']"
356,338,Solrock,"['Rock', 'Psychic']",207,178,153,30%,9%,0,"['Rock Throw', 'Confusion']","['Rock Slide', 'Psychic', 'Solar Beam']"
357,339,Barboach,"['Water', 'Ground']",137,93,82,50%,10%,50,"['Mud Shot', 'Water Gun']","['Ice Beam', 'Aqua Tail', 'Mud Bomb']"
358,340,Whiscash,"['Water', 'Ground']",242,151,141,20%,6%,0,"['Mud Shot', 'Water Gun']","['Blizzard', 'Mud Bomb', 'Water Pulse']"
359,341,Corphish,['Water'],125,141,99,50%,10%,50,"['Bubble', 'Rock Smash']","['Vice Grip', 'Bubble Beam', 'Aqua Jet']"
360,342,Crawdaunt,"['Water', 'Dark']",160,224,142,20%,6%,0,"['Snarl', 'Waterfall']","['Vice Grip', 'Night Slash', 'Bubble Beam', 'Crabhammer']"
361,343,Baltoy,"['Ground', 'Psychic']",120,77,124,50%,10%,50,"['Confusion', 'Extrasensory']","['Dig', 'Psybeam', 'Gyro Ball']"
362,344,Claydol,"['Ground', 'Psychic']",155,140,229,20%,6%,0,"['Mud', 'Slap', 'Confusion', 'Extrasensory']","['Earthquake', 'Psychic', 'Gyro Ball', 'Earth Power']"
363,345,Lileep,"['Rock', 'Grass']",165,105,150,50%,10%,50,"['Acid', 'Infestation']","['Ancient Power', 'Grass Knot', 'Mirror Coat']"
364,346,Cradily,"['Rock', 'Grass']",200,152,194,20%,6%,0,"['Acid', 'Infestation']","['Stone Edge', 'Bulldoze', 'Grass Knot']"
365,347,Anorith,"['Rock', 'Bug']",128,176,100,50%,10%,50,"['Scratch', 'Struggle Bug']","['Aqua Jet', 'Ancient Power', 'Cross Poison']"
366,348,Armaldo,"['Rock', 'Bug']",181,222,174,20%,6%,0,"['Fury Cutter', 'Struggle Bug']","['Cross Poison', 'Water Pulse', 'Rock Blast']"
367,349,Feebas,['Water'],85,29,85,70%,15%,100,"['Tackle', 'Splash']",['Mirror Coat']
368,350,Milotic,['Water'],216,192,219,10%,7%,0,"['Dragon Tail', 'Waterfall']","['Hyper Beam', 'Blizzard', 'Surf']"
369,351,Castform,['Normal'],172,139,139,30%,10%,0,"['Tackle', 'Hex']","['Hurricane', 'Energy Ball']"
370,351,Castform Sunny Form,['Fire'],172,139,139,30%,10%,0,"['Ember', 'Tackle']","['Fire Blast', 'Solar Beam', 'Weather Ball']"
371,351,Castform Rainy Form,['Water'],172,139,139,30%,10%,0,"['Tackle', 'Water Gun']","['Thunder', 'Hydro Pump', 'Weather Ball']"
372,351,Castform Snowy Form,['Ice'],172,139,139,30%,10%,0,"['Tackle', 'Powder Snow']","['Ice Beam', 'Blizzard', 'Weather Ball']"
373,353,Shuppet,['Ghost'],127,138,65,40%,10%,50,"['Feint Attack', 'Astonish']","['Shadow Sneak', 'Ominous Wind', 'Night Shade']"
374,354,Banette,['Ghost'],162,218,126,20%,7%,0,"['Shadow Claw', 'Hex']","['Shadow Ball', 'Thunder', 'Dazzling Gleam']"
375,355,Duskull,['Ghost'],85,70,162,40%,10%,25,"['Astonish', 'Hex']","['Shadow Sneak', 'Ominous Wind', 'Night Shade']"
376,356,Dusclops,['Ghost'],120,124,234,20%,7%,100,"['Feint Attack', 'Hex']","['Ice Punch', 'Shadow Punch', 'Fire Punch']"
377,357,Tropius,"['Grass', 'Flying']",223,136,163,30%,10%,0,"['Razor Leaf', 'Air Slash']","['Aerial Ace', 'Leaf Blade', 'Stomp']"
378,358,Chimecho,['Psychic'],181,175,170,30%,10%,0,"['Astonish', 'Extrasensory']","['Psyshock', 'Shadow Ball', 'Energy Ball']"
379,359,Absol,['Dark'],163,246,120,50%,10%,0,"['Psycho Cut', 'Snarl']","['Dark Pulse', 'Megahorn', 'Thunder']"
380,360,Wynaut,['Psychic'],216,41,86,30%,10%,25,"['Splash', 'Counter']",['Mirror Coat']
381,361,Snorunt,['Ice'],137,95,95,50%,10%,100,"['Powder Snow', 'Hex']","['Shadow Ball', 'Icy Wind', 'Avalanche']"
382,362,Glalie,['Ice'],190,162,162,20%,6%,0,"['Ice Shard', 'Frost Breath']","['Shadow Ball', 'Avalanche', 'Gyro Ball']"
383,363,Spheal,"['Ice', 'Water']",172,95,90,50%,10%,25,"['Water Gun', 'Rock Smash']","['Water Pulse', 'Body Slam', 'Aurora Beam']"
384,364,Sealeo,"['Ice', 'Water']",207,137,132,25%,7%,100,"['Water Gun', 'Powder Snow']","['Water Pulse', 'Body Slam', 'Aurora Beam']"
385,365,Walrein,"['Ice', 'Water']",242,182,176,12.5%,5%,0,"['Frost Breath', 'Waterfall']","['Earthquake', 'Blizzard', 'Water Pulse']"
386,366,Clamperl,['Water'],111,133,135,50%,10%,50,['Water Gun'],"['Ice Beam', 'Water Pulse', 'Body Slam']"
387,367,Huntail,['Water'],146,197,179,20%,6%,0,"['Bite', 'Water Gun']","['Ice Beam', 'Aqua Tail', 'Crunch']"
388,368,Gorebyss,['Water'],146,211,179,20%,6%,0,"['Water Gun', 'Confusion']","['Draining Kiss', 'Water Pulse', 'Psychic']"
389,369,Relicanth,"['Water', 'Rock']",225,162,203,90%,1%,0,"['Water Gun', 'Zen Headbutt']","['Aqua Tail', 'Ancient Power', 'Hydro Pump']"
390,370,Luvdisc,['Water'],125,81,128,30%,10%,0,"['Water Gun', 'Splash']","['Aqua Jet', 'Draining Kiss', 'Water Pulse']"
391,371,Bagon,['Dragon'],128,134,93,40%,9%,25,"['Bite', 'Ember']","['Flamethrower', 'Twister', 'Crunch']"
392,372,Shelgon,['Dragon'],163,172,155,10%,6%,100,"['Dragon Breath', 'Ember']","['Flamethrower', 'Twister', 'Dragon Pulse']"
393,373,Salamence,"['Dragon', 'Flying']",216,277,168,5%,5%,0,"['Bite', 'Fire Fang', 'Dragon Tail']","['Fire Blast', 'Hydro Pump', 'Draco Meteor']"
394,374,Beldum,"['Steel', 'Psychic']",120,96,132,40%,9%,25,['Take Down'],['Struggle']
395,375,Metang,"['Steel', 'Psychic']",155,138,176,10%,6%,100,"['Metal Claw', 'Zen Headbutt']","['Psyshock', 'Psychic', 'Gyro Ball']"
396,376,Metagross,"['Steel', 'Psychic']",190,257,228,5%,5%,0,"['Bullet Punch', 'Zen Headbutt']","['Earthquake', 'Flash Cannon', 'Psychic']"
397,377,Regirock,['Rock'],190,179,309,2%,1%,0,"['Rock Throw', 'Rock Smash']","['Stone Edge', 'Focus Blast', 'Zap Cannon']"
398,378,Regice,['Ice'],190,179,309,2%,1%,0,"['Frost Breath', 'Rock Smash']","['Earthquake', 'Blizzard', 'Focus Blast']"
399,379,Registeel,['Steel'],190,143,285,2%,1%,0,"['Metal Claw', 'Rock Smash']","['Hyper Beam', 'Flash Cannon', 'Focus Blast']"
400,380,Latias,"['Dragon', 'Psychic']",190,228,246,2%,1%,0,"['Dragon Breath', 'Zen Headbutt', 'Charm']","['Thunder', 'Psychic', 'Outrage']"
401,381,Latios,"['Dragon', 'Psychic']",190,268,212,2%,1%,0,"['Dragon Breath', 'Zen Headbutt']","['Dragon Claw', 'Psychic', 'Solar Beam']"
402,382,Kyogre,['Water'],205,270,228,2%,1%,0,['Waterfall'],"['Blizzard', 'Thunder', 'Hydro Pump']"
403,383,Groudon,['Ground'],205,270,228,2%,1%,0,"['Mud Shot', 'Dragon Tail']","['Earthquake', 'Fire Blast', 'Solar Beam']"
404,384,Rayquaza,"['Dragon', 'Flying']",213,284,170,2%,1%,0,"['Dragon Tail', 'Air Slash']","['Aerial Ace', 'Ancient Power', 'Outrage']"
405,385,Jirachi,"['Steel', 'Psychic']",225,210,210,100%,0%,0,"['Confusion', 'Charge Beam']","['Dazzling Gleam', 'Psychic', 'Doom Desire']"
406,386,Deoxys Normal Forme,['Psychic'],137,345,115,6%,1%,0,"['Zen Headbutt', 'Charge Beam']","['Hyper Beam', 'Zap Cannon', 'Psycho Boost']"
407,386,Deoxys Attack Forme,['Psychic'],137,414,46,6%,1%,0,"['Poison Jab', 'Zen Headbutt']","['Dark Pulse', 'Zap Cannon', 'Psycho Boost']"
408,386,Deoxys Defense Forme,['Psychic'],137,144,330,6%,1%,0,"['Zen Headbutt', 'Counter']","['Rock Slide', 'Thunderbolt', 'Psycho Boost']"
409,386,Deoxys Speed Forme,['Psychic'],137,230,218,6%,1%,0,"['Zen Headbutt', 'Charge Beam']","['Thunderbolt', 'Swift', 'Psycho Boost']"
410,387,Turtwig,['Grass'],146,119,110,20%,10%,25,"['Razor Leaf', 'Tackle']","['Seed Bomb', 'Body Slam', 'Energy Ball']"
411,388,Grotle,['Grass'],181,157,143,10%,7%,100,"['Bite', 'Razor Leaf']","['Solar Beam', 'Body Slam', 'Energy Ball']"
412,389,Torterra,"['Grass', 'Ground']",216,202,188,5%,5%,0,"['Bite', 'Razor Leaf']","['Earthquake', 'Stone Edge', 'Solar Beam']"
413,390,Chimchar,['Fire'],127,113,86,20%,10%,25,"['Ember', 'Scratch']","['Flame Wheel', 'Flamethrower', 'Flame Charge']"
414,391,Monferno,"['Fire', 'Fighting']",162,158,105,10%,7%,100,"['Ember', 'Rock Smash']","['Flame Wheel', 'Flamethrower', 'Low Sweep']"
415,392,Infernape,"['Fire', 'Fighting']",183,222,151,5%,5%,0,"['Rock Smash', 'Fire Spin']","['Flamethrower', 'Solar Beam', 'Close Combat']"
416,393,Piplup,['Water'],142,112,102,20%,10%,25,"['Pound', 'Bubble']","['Drill Peck', 'Bubble Beam', 'Icy Wind']"
417,394,Prinplup,['Water'],162,150,139,10%,7%,100,"['Metal Claw', 'Bubble']","['Bubble Beam', 'Hydro Pump', 'Icy Wind']"
418,395,Empoleon,"['Water', 'Steel']",197,210,186,5%,5%,0,"['Metal Claw', 'Waterfall']","['Flash Cannon', 'Blizzard', 'Hydro Pump']"
419,396,Starly,"['Normal', 'Flying']",120,101,58,50%,20%,25,"['Quick Attack', 'Tackle']","['Aerial Ace', 'Brave Bird']"
420,397,Staravia,"['Normal', 'Flying']",146,142,94,25%,9%,100,"['Wing Attack', 'Quick Attack']","['Heat Wave', 'Aerial Ace', 'Brave Bird']"
421,398,Staraptor,"['Normal', 'Flying']",198,234,140,12.5%,6%,0,"['Wing Attack', 'Quick Attack']","['Heat Wave', 'Close Combat', 'Brave Bird']"
422,399,Bidoof,['Normal'],153,80,73,50%,20%,50,"['Tackle', 'Take Down']","['Hyper Fang', 'Grass Knot', 'Crunch']"
423,400,Bibarel,"['Normal', 'Water']",188,162,119,20%,7%,0,"['Water Gun', 'Take Down']","['Hyper Beam', 'Hyper Fang', 'Surf']"
424,401,Kricketot,['Bug'],114,45,74,50%,20%,50,"['Bug Bite', 'Struggle Bug']",['Struggle']
425,402,Kricketune,['Bug'],184,160,100,20%,7%,0,"['Fury Cutter', 'Struggle Bug']","['Aerial Ace', 'Bug Buzz', 'X', 'Scissor']"
426,403,Shinx,['Electric'],128,117,64,50%,10%,25,"['Spark', 'Tackle']","['Discharge', 'Thunderbolt', 'Swift']"
427,404,Luxio,['Electric'],155,159,95,25%,7%,100,"['Bite', 'Spark']","['Thunderbolt', 'Wild Charge', 'Crunch']"
428,405,Luxray,['Electric'],190,232,156,12.5%,5%,0,"['Spark', 'Snarl', 'Hidden Power']","['Hyper Beam', 'Wild Charge', 'Crunch']"
429,406,Budew,"['Grass', 'Poison']",120,91,109,10%,4%,25,"['Razor Leaf', 'Hidden Power']","['Grass Knot', 'Energy Ball']"
430,407,Roserade,"['Grass', 'Poison']",155,243,185,15%,7%,0,"['Razor Leaf', 'Poison Jab']","['Dazzling Gleam', 'Sludge Bomb', 'Solar Beam', 'Grass Knot']"
431,408,Cranidos,['Rock'],167,218,71,50%,10%,50,"['Zen Headbutt', 'Take Down']","['Ancient Power', 'Rock Tomb', 'Bulldoze']"
432,409,Rampardos,['Rock'],219,295,109,20%,6%,0,"['Zen Headbutt', 'Smack Down']","['Flamethrower', 'Rock Slide', 'Outrage']"
433,410,Shieldon,"['Rock', 'Steel']",102,76,195,50%,10%,50,"['Tackle', 'Iron Tail']","['Ancient Power', 'Rock Tomb', 'Heavy Slam']"
434,411,Bastiodon,"['Rock', 'Steel']",155,94,286,20%,6%,0,"['Iron Tail', 'Smack Down']","['Flamethrower', 'Stone Edge', 'Flash Cannon']"
435,412,Burmy Plant Cloak,['Bug'],120,53,83,50%,20%,50,"['Bug Bite', 'Tackle']",['Struggle']
436,412,Burmy Sandy Cloak,['Bug'],120,53,83,50%,0%,50,"['Bug Bite', 'Tackle']",['Struggle']
437,412,Burmy Trash Cloak,['Bug'],120,53,83,50%,0%,50,"['Bug Bite', 'Tackle']",['Struggle']
438,413,Wormadam Plant Cloak,"['Bug', 'Grass']",155,141,180,15%,7%,0,"['Bug Bite', 'Confusion']","['Psybeam', 'Bug Buzz', 'Energy Ball']"
439,413,Wormadam Sandy Cloak,"['Bug', 'Ground']",155,141,180,15%,7%,0,"['Bug Bite', 'Confusion']","['Psybeam', 'Bug Buzz', 'Bulldoze']"
440,413,Wormadam Trash Cloak,"['Bug', 'Steel']",155,127,175,15%,7%,0,"['Bug Bite', 'Confusion']","['Psybeam', 'Bug Buzz', 'Iron Head']"
441,414,Mothim,"['Bug', 'Flying']",172,185,98,15%,7%,0,"['Bug Bite', 'Air Slash']","['Psybeam', 'Aerial Ace', 'Bug Buzz']"
442,415,Combee,"['Bug', 'Flying']",102,59,83,15%,7%,50,['Bug Bite'],['Bug Buzz']
443,416,Vespiquen,"['Bug', 'Flying']",172,149,190,15%,7%,0,"['Bug Bite', 'Poison Sting']","['Bug Buzz', 'Power Gem', 'X', 'Scissor']"
444,417,Pachirisu,['Electric'],155,94,172,30%,9%,0,"['Spark', 'Volt Switch']","['Thunder Punch', 'Thunder', 'Thunderbolt']"
445,418,Buizel,['Water'],146,132,67,50%,10%,50,"['Quick Attack', 'Water Gun']","['Aqua Jet', 'Water Pulse', 'Swift']"
446,419,Floatzel,['Water'],198,221,114,20%,6%,0,"['Water Gun', 'Waterfall']","['Aqua Jet', 'Hydro Pump', 'Swift']"
447,420,Cherubi,['Grass'],128,108,92,50%,9%,50,"['Tackle', 'Bullet Seed']","['Petal Blizzard', 'Seed Bomb', 'Dazzling Gleam']"
448,421,Cherrim Overcast Form,['Grass'],172,170,153,10%,7%,0,"['Razor Leaf', 'Bullet Seed']","['Hyper Beam', 'Dazzling Gleam', 'Solar Beam']"
449,421,Cherrim Sunshine Form,['Grass'],172,170,153,10%,0%,0,"['Razor Leaf', 'Bullet Seed']","['Hyper Beam', 'Dazzling Gleam', 'Solar Beam']"
450,422,Shellos East Sea,['Water'],183,103,105,50%,10%,50,"['Mud', 'Slap', 'Hidden Power']","['Mud Bomb', 'Water Pulse', 'Body Slam']"
451,422,Shellos West Sea,['Water'],183,103,105,50%,0%,50,"['Mud', 'Slap', 'Hidden Power']","['Mud Bomb', 'Water Pulse', 'Body Slam']"
452,423,Gastrodon East Sea,"['Water', 'Ground']",244,169,143,20%,6%,0,"['Mud', 'Slap', 'Hidden Power']","['Water Pulse', 'Body Slam', 'Earth Power']"
453,423,Gastrodon West Sea,"['Water', 'Ground']",244,169,143,20%,0%,0,"['Mud', 'Slap', 'Hidden Power']","['Water Pulse', 'Body Slam', 'Earth Power']"
454,424,Ambipom,['Normal'],181,205,143,20%,6%,0,"['Scratch', 'Astonish']","['Hyper Beam', 'Aerial Ace', 'Low Sweep']"
455,425,Drifloon,"['Ghost', 'Flying']",207,117,80,40%,10%,50,"['Astonish', 'Hex']","['Ominous Wind', 'Shadow Ball', 'Icy Wind']"
456,426,Drifblim,"['Ghost', 'Flying']",312,180,102,20%,7%,0,"['Astonish', 'Hex']","['Ominous Wind', 'Shadow Ball', 'Icy Wind']"
457,427,Buneary,['Normal'],146,130,105,50%,10%,50,"['Quick Attack', 'Pound']","['Fire Punch', 'Swift']"
458,428,Lopunny,['Normal'],163,156,194,20%,6%,0,"['Low Kick', 'Pound']","['Hyper Beam', 'Fire Punch', 'Focus Blast']"
459,429,Mismagius,['Ghost'],155,211,187,10%,7%,0,"['Sucker Punch', 'Hex']","['Dark Pulse', 'Shadow Ball', 'Dazzling Gleam']"
460,430,Honchkrow,"['Dark', 'Flying']",225,243,103,10%,7%,0,"['Peck', 'Snarl']","['Dark Pulse', 'Psychic', 'Brave Bird', 'Sky Attack']"
461,431,Glameow,['Normal'],135,109,82,40%,10%,50,"['Quick Attack', 'Scratch']","['Aerial Ace', 'Thunderbolt', 'Play Rough']"
462,432,Purugly,['Normal'],174,172,133,15%,8%,0,"['Shadow Claw', 'Scratch']","['Aerial Ace', 'Thunder', 'Play Rough']"
463,433,Chingling,['Psychic'],128,114,94,10%,4%,50,"['Zen Headbutt', 'Astonish']","['Wrap', 'Psyshock', 'Shadow Ball']"
464,434,Stunky,"['Poison', 'Dark']",160,121,90,50%,10%,50,"['Bite', 'Scratch']","['Flamethrower', 'Sludge Bomb', 'Crunch']"
465,435,Skuntank,"['Poison', 'Dark']",230,184,132,20%,6%,0,"['Bite', 'Poison Jab']","['Flamethrower', 'Sludge Bomb', 'Crunch']"
466,436,Bronzor,"['Steel', 'Psychic']",149,43,154,50%,10%,50,"['Tackle', 'Confusion']","['Psyshock', 'Gyro Ball', 'Heavy Slam']"
467,437,Bronzong,"['Steel', 'Psychic']",167,161,213,20%,6%,0,"['Confusion', 'Feint Attack']","['Flash Cannon', 'Psyshock', 'Bulldoze', 'Psychic', 'Heavy Slam']"
468,438,Bonsly,['Rock'],137,124,133,10%,4%,50,"['Rock Throw', 'Counter']","['Earthquake', 'Rock Tomb', 'Rock Slide']"
469,439,Mime Jr.,"['Psychic', 'Fairy']",85,125,142,10%,4%,50,"['Pound', 'Confusion']","['Psybeam', 'Psyshock', 'Psychic']"
470,440,Happiny,['Normal'],225,25,77,10%,4%,25,"['Pound', 'Zen Headbutt']",['Psychic']
471,441,Chatot,"['Normal', 'Flying']",183,183,91,30%,9%,0,"['Peck', 'Steel Wing']","['Heat Wave', 'Sky Attack', 'Night Shade']"
472,442,Spiritomb,"['Ghost', 'Dark']",137,169,199,10%,4%,0,"['Sucker Punch', 'Feint Attack']","['Shadow Sneak', 'Ominous Wind', 'Shadow Ball']"
473,443,Gible,"['Dragon', 'Ground']",151,124,84,40%,9%,25,"['Mud Shot', 'Take Down']","['Dig', 'Twister', 'Body Slam']"
474,444,Gabite,"['Dragon', 'Ground']",169,172,125,10%,6%,100,"['Mud Shot', 'Take Down']","['Flamethrower', 'Dig', 'Twister']"
475,445,Garchomp,"['Dragon', 'Ground']",239,261,193,5%,5%,0,"['Mud Shot', 'Dragon Tail']","['Earthquake', 'Fire Blast', 'Outrage']"
476,446,Munchlax,['Normal'],286,137,117,10%,4%,50,"['Lick', 'Tackle']","['Gunk Shot', 'Bulldoze', 'Body Slam']"
477,447,Riolu,['Fighting'],120,127,78,—,20%,50,"['Quick Attack', 'Counter']","['Cross Chop', 'Low Sweep', 'Brick Break']"
478,448,Lucario,"['Fighting', 'Steel']",172,236,144,10%,5%,0,"['Bullet Punch', 'Counter']","['Flash Cannon', 'Shadow Ball', 'Close Combat', 'Power', 'Up Punch']"
479,449,Hippopotas,['Ground'],169,124,118,40%,10%,50,"['Bite', 'Tackle']","['Dig', 'Rock Tomb', 'Body Slam']"
480,450,Hippowdon,['Ground'],239,201,191,15%,8%,0,"['Bite', 'Fire Fang', 'Thunder Fang', 'Ice Fang']","['Earthquake', 'Stone Edge', 'Body Slam', 'Earth Power']"
481,451,Skorupi,"['Poison', 'Bug']",120,93,151,40%,10%,50,"['Poison Sting', 'Infestation']","['Aqua Tail', 'Cross Poison', 'Sludge Bomb']"
482,452,Drapion,"['Poison', 'Dark']",172,180,202,15%,8%,0,"['Bite', 'Poison Sting', 'Infestation', 'Ice Fang']","['Aqua Tail', 'Sludge Bomb', 'Crunch']"
483,453,Croagunk,"['Poison', 'Fighting']",134,116,76,40%,12%,50,"['Poison Jab', 'Poison Sting']","['Low Sweep', 'Sludge Bomb', 'Brick Break']"
484,454,Toxicroak,"['Poison', 'Fighting']",195,211,133,15%,7%,0,"['Poison Jab', 'Counter']","['Sludge Bomb', 'Mud Bomb', 'Dynamic Punch']"
485,455,Carnivine,['Grass'],179,187,136,90%,1%,0,"['Bite', 'Vine Whip']","['Power Whip', 'Energy Ball', 'Crunch']"
486,456,Finneon,['Water'],135,96,116,50%,10%,50,"['Pound', 'Water Gun']","['Ice Beam', 'Water Pulse', 'Silver Wind']"
487,457,Lumineon,['Water'],170,142,170,20%,6%,0,"['Water Gun', 'Waterfall']","['Blizzard', 'Water Pulse', 'Silver Wind']"
488,458,Mantyke,"['Water', 'Flying']",128,105,179,10%,4%,50,"['Tackle', 'Bubble']","['Ice Beam', 'Aerial Ace', 'Water Pulse']"
489,459,Snover,"['Grass', 'Ice']",155,115,105,30%,10%,50,"['Ice Shard', 'Powder Snow']","['Ice Beam', 'Stomp', 'Energy Ball']"
490,460,Abomasnow,"['Grass', 'Ice']",207,178,158,12.5%,6%,0,"['Razor Leaf', 'Powder Snow']","['Blizzard', 'Energy Ball', 'Outrage']"
491,461,Weavile,"['Dark', 'Ice']",172,243,171,15%,9%,0,"['Ice Shard', 'Feint Attack', 'Snarl']","['Focus Blast', 'Avalanche', 'Foul Play']"
492,462,Magnezone,"['Electric', 'Steel']",172,238,205,12.5%,5%,0,"['Spark', 'Charge Beam']","['Flash Cannon', 'Wild Charge', 'Zap Cannon']"
493,463,Lickilicky,['Normal'],242,161,181,15%,9%,0,"['Lick', 'Zen Headbutt']","['Hyper Beam', 'Earthquake', 'Solar Beam']"
494,464,Rhyperior,"['Ground', 'Rock']",251,241,190,5%,5%,0,"['Mud', 'Slap', 'Smack Down']","['Earthquake', 'Stone Edge', 'Surf', 'Skull Bash']"
495,465,Tangrowth,['Grass'],225,207,184,15%,10%,0,"['Vine Whip', 'Infestation']","['Ancient Power', 'Sludge Bomb', 'Solar Beam']"
496,466,Electivire,['Electric'],181,249,163,15%,10%,0,"['Thunder Shock', 'Low Kick']","['Ice Punch', 'Thunder Punch', 'Thunder', 'Wild Charge']"
497,467,Magmortar,['Fire'],181,247,172,15%,10%,0,"['Karate Chop', 'Fire Spin']","['Fire Blast', 'Psychic', 'Fire Punch', 'Brick Break']"
498,468,Togekiss,"['Fairy', 'Flying']",198,225,217,1%,5%,0,"['Air Slash', 'Hidden Power', 'Charm']","['Flamethrower', 'Aerial Ace', 'Ancient Power', 'Dazzling Gleam']"
499,469,Yanmega,"['Bug', 'Flying']",200,231,156,17.5%,5%,0,"['Bug Bite', 'Wing Attack']","['Aerial Ace', 'Bug Buzz', 'Ancient Power']"
500,470,Leafeon,['Grass'],163,216,219,12.5%,6%,0,"['Razor Leaf', 'Quick Attack']","['Solar Beam', 'Leaf Blade', 'Energy Ball']"
501,471,Glaceon,['Ice'],163,238,205,12.5%,6%,0,"['Ice Shard', 'Frost Breath']","['Ice Beam', 'Icy Wind', 'Avalanche']"
502,472,Gliscor,"['Ground', 'Flying']",181,185,222,12.5%,9%,0,"['Fury Cutter', 'Wing Attack']","['Earthquake', 'Aerial Ace', 'Night Slash']"
503,473,Mamoswine,"['Ice', 'Ground']",242,247,146,5%,5%,0,"['Mud', 'Slap', 'Powder Snow']","['Stone Edge', 'Bulldoze', 'Avalanche']"
504,474,Porygon-Z,['Normal'],198,264,150,5%,5%,0,"['Charge Beam', 'Hidden Power']","['Hyper Beam', 'Blizzard', 'Solar Beam', 'Zap Cannon']"
505,475,Gallade,"['Psychic', 'Fighting']",169,237,195,50%,5%,0,"['Low Kick', 'Confusion', 'Charm']","['Psychic', 'Leaf Blade', 'Close Combat']"
506,476,Probopass,"['Rock', 'Steel']",155,135,275,10%,7%,0,"['Spark', 'Rock Throw']","['Rock Slide', 'Magnet Bomb', 'Thunderbolt']"
507,477,Dusknoir,['Ghost'],128,180,254,10%,5%,0,"['Astonish', 'Hex']","['Dark Pulse', 'Ominous Wind', 'Psychic']"
508,478,Froslass,"['Ice', 'Ghost']",172,171,150,20%,7%,0,"['Powder Snow', 'Hex']","['Shadow Ball', 'Avalanche', 'Crunch']"
509,480,Uxie,['Psychic'],181,156,270,2%,0%,0,"['Confusion', 'Extrasensory']","['Thunder', 'Swift', 'Future Sight']"
510,481,Mesprit,['Psychic'],190,212,212,2%,0%,0,"['Confusion', 'Extrasensory']","['Blizzard', 'Swift', 'Future Sight']"
511,482,Azelf,['Psychic'],181,270,151,2%,0%,0,"['Confusion', 'Extrasensory']","['Fire Blast', 'Swift', 'Future Sight']"
512,483,Dialga,"['Steel', 'Dragon']",205,275,211,2%,4%,0,"['Dragon Breath', 'Metal Claw']","['Iron Head', 'Thunder', 'Draco Meteor']"
513,484,Palkia,"['Water', 'Dragon']",189,280,215,2%,4%,0,"['Dragon Breath', 'Dragon Tail']","['Fire Blast', 'Hydro Pump', 'Draco Meteor']"
514,485,Heatran,"['Fire', 'Steel']",209,251,213,2%,4%,0,"['Bug Bite', 'Fire Spin']","['Stone Edge', 'Iron Head', 'Fire Blast']"
515,486,Regigigas,['Normal'],221,287,210,2%,4%,0,"['Zen Headbutt', 'Rock Smash']","['Stone Edge', 'Avalanche', 'Heavy Slam']"
516,487,Giratina Altered Forme,"['Ghost', 'Dragon']",284,187,225,2%,4%,0,"['Dragon Breath', 'Shadow Claw']","['Ancient Power', 'Shadow Sneak', 'Dragon Claw']"
517,487,Giratina Origin Forme,"['Ghost', 'Dragon']",284,225,187,2%,4%,0,"['Shadow Claw', 'Dragon Tail']","['Ominous Wind', 'Shadow Ball', 'Dragon Pulse']"
518,488,Cresselia,['Psychic'],260,152,258,2%,4%,0,"['Psycho Cut', 'Confusion']","['Moonblast', 'Aurora Beam', 'Future Sight']"
519,491,Darkrai,['Dark'],172,285,198,2%,0%,0,"['Feint Attack', 'Snarl']","['Dark Pulse', 'Shadow Ball', 'Focus Blast']"
520,495,Snivy,['Grass'],128,88,107,20%,10%,25,"['Vine Whip', 'Tackle']","['Wrap', 'Seed Bomb', 'Energy Ball']"
521,496,Servine,['Grass'],155,122,152,10%,10%,100,"['Vine Whip', 'Iron Tail']","['Wrap', 'Grass Knot', 'Leaf Tornado']"
522,497,Serperior,['Grass'],181,161,204,5%,5%,0,"['Vine Whip', 'Iron Tail']","['Aerial Ace', 'Grass Knot', 'Leaf Tornado']"
523,498,Tepig,['Fire'],163,115,85,20%,10%,25,"['Ember', 'Tackle']","['Flamethrower', 'Flame Charge', 'Body Slam']"
524,499,Pignite,"['Fire', 'Fighting']",207,173,106,10%,7%,100,"['Ember', 'Tackle']","['Flamethrower', 'Rock Tomb', 'Flame Charge']"
525,500,Emboar,"['Fire', 'Fighting']",242,235,127,5%,5%,0,"['Low Kick', 'Ember']","['Heat Wave', 'Rock Slide', 'Focus Blast']"
526,501,Oshawott,['Water'],146,117,85,20%,10%,25,"['Tackle', 'Water Gun']","['Night Slash', 'Aqua Tail', 'Water Pulse']"
527,502,Dewott,['Water'],181,159,116,10%,7%,100,"['Fury Cutter', 'Water Gun']","['Aqua Tail', 'X', 'Scissor', 'Water Pulse']"
528,503,Samurott,['Water'],216,212,157,5%,5%,0,"['Fury Cutter', 'Waterfall']","['Megahorn', 'Blizzard', 'Hydro Pump']"
529,504,Patrat,['Normal'],128,98,73,50%,20%,50,"['Bite', 'Tackle']","['Dig', 'Hyper Fang', 'Grass Knot']"
530,505,Watchog,['Normal'],155,165,139,20%,7%,0,"['Bite', 'Low Kick']","['Hyper Fang', 'Grass Knot', 'Crunch']"
531,506,Lillipup,['Normal'],128,107,86,50%,20%,25,"['Tackle', 'Take Down']","['Dig', 'Rock Tomb', 'Thunderbolt']"
532,507,Herdier,['Normal'],163,145,126,25%,9%,100,"['Lick', 'Take Down']","['Dig', 'Thunderbolt', 'Play Rough']"
533,508,Stoutland,['Normal'],198,206,182,12.5%,5%,0,"['Lick', 'Take Down']","['Play Rough', 'Wild Charge', 'Crunch']"
534,509,Purrloin,['Dark'],121,98,73,50%,20%,50,"['Sucker Punch', 'Scratch']","['Dark Pulse', 'Night Slash', 'Play Rough']"
535,510,Liepard,['Dark'],162,187,106,20%,7%,0,"['Snarl', 'Charm']","['Dark Pulse', 'Play Rough', 'Gunk Shot']"
536,511,Pansage,['Grass'],137,104,94,50%,20%,50,"['Vine Whip', 'Scratch']","['Seed Bomb', 'Energy Ball', 'Crunch']"
537,512,Simisage,['Grass'],181,206,133,50%,20%,0,"['Bite', 'Vine Whip']","['Solar Beam', 'Grass Knot', 'Crunch']"
538,513,Pansear,['Fire'],137,104,94,20%,7%,50,"['Scratch', 'Fire Spin']","['Flame Charge', 'Flame Burst', 'Crunch']"
539,514,Simisear,['Fire'],181,206,133,50%,20%,0,"['Bite', 'Fire Spin']","['Flamethrower', 'Fire Blast', 'Crunch']"
540,515,Panpour,['Water'],137,104,94,50%,20%,50,"['Scratch', 'Water Gun']","['Water Pulse', 'Crunch', 'Surf']"
541,516,Simipour,['Water'],181,206,133,20%,7%,0,"['Bite', 'Water Gun']","['Hydro Pump', 'Crunch', 'Surf']"
542,519,Pidove,"['Normal', 'Flying']",137,98,80,50%,20%,12,"['Quick Attack', 'Air Slash']","['Heat Wave', 'Aerial Ace', 'Air Cutter']"
543,520,Tranquill,"['Normal', 'Flying']",158,144,107,25%,9%,50,"['Steel Wing', 'Air Slash']","['Heat Wave', 'Aerial Ace', 'Sky Attack']"
544,521,Unfezant,"['Normal', 'Flying']",190,226,146,12.5%,5%,0,"['Steel Wing', 'Air Slash']","['Hyper Beam', 'Heat Wave', 'Sky Attack']"
545,522,Blitzle,['Electric'],128,118,64,30%,10%,50,"['Spark', 'Quick Attack']","['Discharge', 'Thunderbolt', 'Flame Charge']"
546,523,Zebstrika,['Electric'],181,211,136,10%,7%,0,"['Spark', 'Low Kick']","['Discharge', 'Flame Charge', 'Wild Charge']"
547,529,Drilbur,['Ground'],155,154,85,50%,20%,50,"['Scratch', 'Mud', 'Slap']","['Dig', 'Drill Run', 'Rock Tomb']"
548,530,Excadrill,"['Ground', 'Steel']",242,255,129,20%,7%,0,"['Metal Claw', 'Mud', 'Slap']","['Earthquake', 'Drill Run', 'Rock Slide', 'Iron Head']"
549,562,Yamask,['Ghost'],116,95,141,30%,10%,50,"['Zen Headbutt', 'Astonish']","['Dark Pulse', 'Ominous Wind', 'Shadow Ball']"
550,563,Cofagrigus,['Ghost'],151,163,237,10%,7%,0,"['Zen Headbutt', 'Astonish']","['Dark Pulse', 'Shadow Ball', 'Psychic']"
551,590,Foongus,"['Grass', 'Poison']",170,97,91,30%,10%,50,"['Feint Attack', 'Astonish']","['Body Slam', 'Grass Knot', 'Energy Ball']"
552,591,Amoonguss,"['Grass', 'Poison']",249,155,139,12.5%,5%,0,"['Feint Attack', 'Astonish']","['Sludge Bomb', 'Grass Knot', 'Foul Play']"
553,597,Ferroseed,"['Grass', 'Steel']",127,82,155,30%,9%,50,"['Tackle', 'Metal Claw']","['Flash Cannon', 'Iron Head', 'Gyro Ball']"
554,598,Ferrothorn,"['Grass', 'Steel']",179,158,223,12.5%,5%,0,"['Metal Claw', 'Bullet Seed']","['Flash Cannon', 'Thunder', 'Power Whip', 'Acid Spray']"
555,599,Klink,['Steel'],120,98,121,40%,10%,25,"['Charge Beam', 'Volt Switch']","['Vice Grip', 'Discharge', 'Zap Cannon']"
556,600,Klang,['Steel'],155,150,174,10%,7%,100,"['Thunder Shock', 'Charge Beam']","['Vice Grip', 'Thunderbolt', 'Zap Cannon']"
557,601,Klinklang,['Steel'],155,199,214,5%,5%,0,"['Thunder Shock', 'Charge Beam']","['Hyper Beam', 'Flash Cannon', 'Zap Cannon']"
558,607,Litwick,"['Ghost', 'Fire']",137,108,98,40%,9%,25,"['Ember', 'Astonish']","['Heat Wave', 'Flame Charge', 'Flame Burst']"
559,608,Lampent,"['Ghost', 'Fire']",155,169,115,10%,7%,100,"['Ember', 'Astonish']","['Heat Wave', 'Flame Burst', 'Energy Ball']"
560,609,Chandelure,"['Ghost', 'Fire']",155,271,182,5%,5%,0,"['Hex', 'Fire Spin']","['Shadow Ball', 'Overheat', 'Energy Ball']"
561,622,Golett,"['Ground', 'Ghost']",153,127,92,30%,10%,50,"['Mud', 'Slap', 'Astonish']","['Shadow Punch', 'Brick Break', 'Night Shade']"
562,623,Golurk,"['Ground', 'Ghost']",205,222,154,15%,5%,0,"['Mud', 'Slap', 'Astonish']","['Shadow Punch', 'Dynamic Punch', 'Earth Power']"
563,631,Heatmor,['Fire'],198,204,129,20%,7%,0,"['Lick', 'Fire Spin']","['Flamethrower', 'Thunder Punch', 'Power', 'Up Punch']"
564,632,Durant,"['Bug', 'Steel']",151,217,188,20%,7%,0,"['Bug Bite', 'Metal Claw']","['Stone Edge', 'Iron Head', 'X', 'Scissor']"
565,633,Deino,"['Dark', 'Dragon']",141,116,93,40%,9%,25,"['Dragon Breath', 'Tackle']","['Dragon Pulse', 'Body Slam', 'Crunch']"
566,634,Zweilous,"['Dark', 'Dragon']",176,159,135,10%,7%,100,"['Bite', 'Dragon Breath']","['Dark Pulse', 'Dragon Pulse', 'Body Slam']"
567,635,Hydreigon,"['Dark', 'Dragon']",211,256,188,5%,5%,0,"['Bite', 'Dragon Breath']","['Dark Pulse', 'Flash Cannon', 'Dragon Pulse']"
568,808,Meltan,['Steel'],130,118,99,30%,0%,400,['Thunder Shock'],"['Flash Cannon', 'Thunderbolt']"
569,809,Melmetal,['Steel'],264,226,190,30%,0%,0,['Thunder Shock'],"['Hyper Beam', 'Flash Cannon', 'Rock Slide', 'Thunderbolt']"
